id,url,title,active_flg,remarks
14718,http://silverf.blog.so-net.ne.jp,sora,0,　
14719,http://rinda-porter5.blog.so-net.ne.jp,aya,0,
14720,http://tsukuba-kitsutsuki.blog.so-net.ne.jp,tsukuba,0,
14721,http://hahaneko.blog.so-net.ne.jp,あずき,0,
14722,http://juristfootball.blog.so-net.ne.jp,コウメイ,0,
14723,http://comcom91.blog.so-net.ne.jp,トントちゃん,0,
14724,http://choco-cinnamon.blog.so-net.ne.jp,チョコシナモン,0,
14725,http://ufo-flatfield.blog.so-net.ne.jp,Flatfield,0,
14726,http://kazeno-ribbon.blog.so-net.ne.jp,風のリボン,0,
14727,http://piyomegumoca.blog.so-net.ne.jp,ピヨめぐモカ,0,
14728,http://k-hatsumou.blog.so-net.ne.jp,PCユース,0,
14729,http://flattwindolphin.blog.so-net.ne.jp,FTドルフィン,0,
14730,http://neilsaron.blog.so-net.ne.jp,ウッチィー,0,
14731,http://aoken.blog.so-net.ne.jp,aoken,0,
14732,http://chamogyu.blog.so-net.ne.jp,chamogyu,0,
14733,http://satohksm.blog.so-net.ne.jp,satohk,0,
14734,http://kazsan.blog.so-net.ne.jp,kazg,0,
14735,http://korokuma.blog.so-net.ne.jp,ころくま,0,
14736,http://bihibihi-gonchan.blog.so-net.ne.jp,Buhibuhi_gonchan,0,
14737,http://xperia-so905i.blog.so-net.ne.jp,革新のXPERIA,0,
14738,http://new-wakuwaku-world.blog.so-net.ne.jp,rapisu2105,0,
14739,http://padao.blog.so-net.ne.jp,ぱだおくん,0,
14740,http://mutaro.blog.so-net.ne.jp,むーたろう,0,
14741,http://doppy.blog.so-net.ne.jp,yukarin,0,
14742,http://sweetbaby.blog.so-net.ne.jp,よいこ,0,
14743,http://leesblog.blog.so-net.ne.jp,Lee,0,
14744,http://mugenrider.blog.so-net.ne.jp,MugenRider,0,
14745,http://esoragift.blog.so-net.ne.jp,くるみ,0,
14746,http://shiningbrightly.blog.so-net.ne.jp,まちびとん,0,
14747,http://kawaradeasobo.blog.so-net.ne.jp,河原,0,
14748,http://sengoshi.blog.so-net.ne.jp,いっぷく,0,
14749,http://taku1toshi.blog.so-net.ne.jp,taku1_lily,0,
14750,http://a-shige.blog.so-net.ne.jp,SHIGE,0,
14751,http://oyajikimagure.blog.so-net.ne.jp,catpapa,0,
14752,http://tokoton-mura-uma.blog.so-net.ne.jp,ウラナリ,0,
14753,http://hitorishizuka.blog.so-net.ne.jp,静御前,0,
14754,http://wanwanannie.blog.so-net.ne.jp,エンジェル,0,
14755,http://hobi-hobi.blog.so-net.ne.jp,ホビホビ,0,
14756,http://ikedake.blog.so-net.ne.jp,おじい,0,
14757,http://a-gin.blog.so-net.ne.jp,a-gin,0,
14758,http://trend-kureto2.blog.so-net.ne.jp,kureto,0,
14759,http://sanukibito.blog.so-net.ne.jp,讃岐人,0,
14760,http://abitabi.blog.so-net.ne.jp,SANPOJIN,0,
14761,http://daradara-rilakkuma.blog.so-net.ne.jp,トレンダー櫻井,0,
14762,http://iwashinomainichi.blog.so-net.ne.jp,浅葱,0,
14763,http://yuseisyomatomo2.blog.so-net.ne.jp,3匹のこぶたママ,0,
14764,http://taku3san.blog.so-net.ne.jp,坂の上の蜘蛛,0,
14765,http://stroller-ing2.blog.so-net.ne.jp,ken,0,
14766,http://ai02.blog.so-net.ne.jp,hananooto,0,
14767,http://wajifudou.blog.so-net.ne.jp,wajifudou0123,0,
14768,http://yuna-k.blog.so-net.ne.jp,とし＠黒猫,0,
14769,http://soune.blog.so-net.ne.jp,太陽の玉子,0,
14770,http://cheese999.blog.so-net.ne.jp,cheese999,0,
14771,http://nyorozou.blog.so-net.ne.jp,にょろぞう,0,
14772,http://nanobeya.blog.so-net.ne.jp,nemo_z,0,
14773,http://fungruhy.blog.so-net.ne.jp,Chobi.H.YAOITA,0,
14774,http://paddies.blog.so-net.ne.jp,paddies,0,
14775,http://chocorosweets.blog.so-net.ne.jp,チョコローズ,0,
14776,http://mariltupe.blog.so-net.ne.jp,まりっぺ,0,
14777,http://sakurakun.blog.so-net.ne.jp,さくら君,0,
14778,http://tae-diary.blog.so-net.ne.jp,taekozue,0,
14779,http://takasan-tekitou.blog.so-net.ne.jp,たあさん,0,
14780,http://haribon.blog.so-net.ne.jp,さくらこ,0,
14781,http://akanenosora-3.blog.so-net.ne.jp,akanenosora,0,
14782,http://danachin09.blog.so-net.ne.jp,平沢沙里,0,
14783,http://wrapped-in-mystery.blog.so-net.ne.jp,chat_noir,0,
14784,http://taharas-amami-nara.blog.so-net.ne.jp,taharas,0,
14785,http://coolandjazzy.blog.so-net.ne.jp,kingfisher,0,
14786,http://mori-tae.blog.so-net.ne.jp,きまじめさん,0,
14787,http://yamatotakada.blog.so-net.ne.jp,裏・市長,0,
14788,http://7maki7.blog.so-net.ne.jp,tmaki7,0,
14789,http://kazuchan-kimama.blog.so-net.ne.jp,yuzman1953,0,
14790,http://sunshower21.blog.so-net.ne.jp,beny,0,
14791,http://bolt-ongibson.blog.so-net.ne.jp,ｔｉｙｏ,0,
14792,http://menchi-da.blog.so-net.ne.jp,前太,0,
14793,http://mitoune.blog.so-net.ne.jp,まいく,0,
14794,http://gallerykamiren.blog.so-net.ne.jp,アーレム,0,
14795,http://hidepachi.blog.so-net.ne.jp,HIDEand爺,0,
14796,http://beanchan.blog.so-net.ne.jp,binpapa,0,
14797,http://hirokin1.blog.so-net.ne.jp,ひろきん,0,
14798,http://freedakoa.blog.so-net.ne.jp,akoa,0,
14799,http://1099.blog.so-net.ne.jp,ピックアップ,0,
14800,http://1616neta.blog.so-net.ne.jp,いろいろ,0,
14801,http://yakiniku-tsuru.blog.so-net.ne.jp,tsuru,0,
14802,http://niji-kohboh.blog.so-net.ne.jp,あとみみ,0,
14803,http://underjollyrojer.blog.so-net.ne.jp,mata_asita,0,
14804,http://cyokokunn.blog.so-net.ne.jp,cyoko1112,0,
14805,http://mito-and-tanu.blog.so-net.ne.jp,mito_and_tanu,0,
14806,http://fuku1-3.blog.so-net.ne.jp,白髭老人,0,
14807,http://doudesyousimasu.blog.so-net.ne.jp,南海ごんざれッス,0,
14808,http://photo-images.blog.so-net.ne.jp,Beronica,0,
14809,http://naonao-haru1105.blog.so-net.ne.jp,naonao,0,
14810,http://yahiro.blog.so-net.ne.jp,t-yahiro,0,
14811,http://gentlemansonic.blog.so-net.ne.jp,sonic,0,
14812,http://shepherd-sisters.blog.so-net.ne.jp,シェパ,0,
14813,http://hieroh66.blog.so-net.ne.jp,hieroh66,0,
14814,http://mumin.blog.so-net.ne.jp,ムーミンパパ,0,
14815,http://mamii.blog.so-net.ne.jp,mamii,0,
14816,http://u-san.blog.so-net.ne.jp,うーさん,0,
14817,http://torneo.blog.so-net.ne.jp,torneo,0,
14818,http://reek.blog.so-net.ne.jp,ブギ,0,
14819,http://jobu-r.blog.so-net.ne.jp,常武鉄道,0,
14820,http://urupy21.blog.so-net.ne.jp,へろん,0,
14821,http://miro.blog.so-net.ne.jp,miro,0,
14822,http://oyajimamezou.blog.so-net.ne.jp,マメ三,0,
14823,http://yoshiaki-mizue.blog.so-net.ne.jp,よしあき・ギャラリー,0,
14824,http://usaryu.blog.so-net.ne.jp,しゅう,0,
14825,http://bu-taro.blog.so-net.ne.jp,ぶーたろう,0,
14826,http://momo-ha-sana-doll4.blog.so-net.ne.jp,sana,0,
14827,http://2516.blog.so-net.ne.jp,ぺこんぎん,0,
14828,http://kumakuma0927.blog.so-net.ne.jp,hitomimi,0,
14829,http://yyyyyyy.blog.so-net.ne.jp,yamachan,0,
14830,http://choco-papa.blog.so-net.ne.jp,ショコラ・パパ,0,
14831,http://ginyu41.blog.so-net.ne.jp,吟遊詩人４１,0,
14832,http://oyoyo-chan.blog.so-net.ne.jp,およよ,0,
14833,http://okkoclassical.blog.so-net.ne.jp,伊閣蝶,0,
14834,http://t0n1kakuhaj1mey0u.blog.so-net.ne.jp,あとりえＳＡＫＡＮＡ,0,
14835,http://kazenotomodati.blog.so-net.ne.jp,風の友,0,
14836,http://vol1024.blog.so-net.ne.jp,VOL,0,
14837,http://ayappy.blog.so-net.ne.jp,あやっぴぃ,0,
14838,http://hermitage-rosa.blog.so-net.ne.jp,miyoko,0,
14839,http://delfin3.blog.so-net.ne.jp,delfin,0,
14840,http://toohokuhonsen.blog.so-net.ne.jp,ミスター仙台,0,
14841,http://tama-ob-houkoku.blog.so-net.ne.jp,ＲＡＮＰＯ,0,
14842,http://lawyer.blog.so-net.ne.jp,mehikari,0,
14843,http://webtarou.blog.so-net.ne.jp,tarou,0,
14844,http://odekakedaisuki.blog.so-net.ne.jp,to.shi,0,
14845,http://shimipan.blog.so-net.ne.jp,淳司,0,
14846,http://2min.blog.so-net.ne.jp,みんみん,0,
14847,http://maki1118.blog.so-net.ne.jp,まき,0,
14848,http://19920826.blog.so-net.ne.jp,ダイとクロ,0,
14849,http://mayanori-diary.blog.so-net.ne.jp,フロリダマナティー,0,
14850,http://yoka-comic.blog.so-net.ne.jp,観自在,0,
14851,http://yu-memories.blog.so-net.ne.jp,YU-BLUES,0,
14852,http://with-ojyou-saayan.blog.so-net.ne.jp,りみこ,0,
14853,http://rimabasu.blog.so-net.ne.jp,buyogonta,0,
14854,http://dewdorop.blog.so-net.ne.jp,まお,0,
14855,http://ruby2006us.blog.so-net.ne.jp,kgoto,0,
14856,http://molamola-lovebeer.blog.so-net.ne.jp,ＬｏｖｅＢｅｅｒ,0,
14857,http://seawind335.blog.so-net.ne.jp,seawind335,0,
14858,http://avavav.blog.so-net.ne.jp,aneurysm,0,
14859,http://hisashi1946.blog.so-net.ne.jp,kotobuki1946,0,
14860,http://hitomiya716munakata.blog.so-net.ne.jp,一宮,0,
14861,http://chunen-rider51.blog.so-net.ne.jp,よっすぃ?と,0,
14862,http://tantabee.blog.so-net.ne.jp,てるてる,0,
14863,http://engimono708.blog.so-net.ne.jp,Ｂｏｏ（ブゥ）,0,
14864,http://azumino-kaku.blog.so-net.ne.jp,Azumino_Kaku,0,
14865,http://seiren2.blog.so-net.ne.jp,seiren,0,
14866,http://dustation.blog.so-net.ne.jp,おにい,0,
14867,http://mari-00-mari.blog.so-net.ne.jp,月夜のうずのしゅげ,0,
14868,http://mwainfo-2.blog.so-net.ne.jp,mwainfo,0,
14869,http://bluebird-legrand.blog.so-net.ne.jp,こん,0,
14870,http://karchandiary.blog.so-net.ne.jp,かーちゃ,0,
14871,http://peach-mama.blog.so-net.ne.jp,まつみママ,0,
14872,http://nenrinnokai-2.blog.so-net.ne.jp,bpd1teikichi_satoh,0,
14873,http://nakahirai.blog.so-net.ne.jp,内州海人,0,
14874,http://aomikamica.blog.so-net.ne.jp,青山実花,0,
14875,http://your-mom.blog.so-net.ne.jp,YOUR-MOM,0,
14876,http://miruku-teru.blog.so-net.ne.jp,mokamoka,0,
14877,http://leopa.blog.so-net.ne.jp,hypo,0,
14878,http://chibishibamomo.blog.so-net.ne.jp,ももきち,0,
14879,http://kazkaz-daizu-kimochi.blog.so-net.ne.jp,kazukazu,0,
14880,http://misato-tsushin.blog.so-net.ne.jp,soujirou-3,0,
14881,http://marutoku-info.blog.so-net.ne.jp,りさみん,0,
14882,http://nihon-izonbokumetu.blog.so-net.ne.jp,hujinomaguma,0,
14883,http://umi2012.blog.so-net.ne.jp,風,0,
14884,http://kaoruko-124.blog.so-net.ne.jp,kaoruko,0,
14885,http://fu-min-min2.blog.so-net.ne.jp,ふーみん,0,
14886,http://heiannityoumevet.blog.so-net.ne.jp,dumbo,0,
14887,http://hanagatari.blog.so-net.ne.jp,ryouka,0,
14888,http://cyorocyoro-sanpo.blog.so-net.ne.jp,ちょろっとぶぅ,0,
14889,http://komachi-closet.blog.so-net.ne.jp,くみ,0,
14890,http://pandacat-every.blog.so-net.ne.jp,PANDACAT,0,
14891,http://mimizuku3379.blog.so-net.ne.jp,くまら,0,
14892,http://kero2.blog.so-net.ne.jp,kerokero,0,
14893,http://soeji.blog.so-net.ne.jp,そえじ,0,
14894,http://aozora-garage.blog.so-net.ne.jp,asuka,0,
14895,http://beerjunkie.blog.so-net.ne.jp,haku,0,
14896,http://lawtray4.blog.so-net.ne.jp,ロートレー,0,
14897,http://shibatetsu.blog.so-net.ne.jp,芝浦鉄親父,0,
14898,http://genn0320.blog.so-net.ne.jp,ゲンママ,0,
14899,http://oyaji-sunday.blog.so-net.ne.jp,たく,0,
14900,http://tokidoki-momo.blog.so-net.ne.jp,ときどき,0,
14901,http://kunugi.blog.so-net.ne.jp,くぬぎ,0,
14902,http://michi-doshun.blog.so-net.ne.jp,michi,0,
14903,http://latelier-rouge.blog.so-net.ne.jp,ルージュ,0,
14904,http://puripuri.blog.so-net.ne.jp,puripuri,0,
14905,http://nature-from-suginami.blog.so-net.ne.jp,Mitch,0,
14906,http://fuuten3.blog.so-net.ne.jp,弁慶,0,
14907,http://so-yank548.blog.so-net.ne.jp,Lonesome社っ長ょぉ?,0,
14908,http://sotoasobi.blog.so-net.ne.jp,ゆるり,0,
14909,http://sabuchan.blog.so-net.ne.jp,sabuchan,0,
14910,http://saendon.blog.so-net.ne.jp,茶苑呑,0,
14911,http://jijinoburarinikki.blog.so-net.ne.jp,ぶらり爺,0,
14912,http://beaute3yoshitaka.blog.so-net.ne.jp,末尾ルコ（アルベール）,0,
14913,http://shizuko1125.blog.so-net.ne.jp,きんれん花,0,
14914,http://blossom45.blog.so-net.ne.jp,ユウユウ,0,
14915,http://kotarobs.blog.so-net.ne.jp,駅員3,0,
14916,http://aonohu-ga8.blog.so-net.ne.jp,青の風画,0,
14917,http://madtp1.blog.so-net.ne.jp,とまと,0,
14918,http://tantanpopo.blog.so-net.ne.jp,seiwa,0,
14919,http://siroari.blog.so-net.ne.jp,toyo,0,
14920,http://kazo310.blog.so-net.ne.jp,ちんぐるま,0,
14921,http://ks-photo2.blog.so-net.ne.jp,kyon,0,
14922,http://sachippelog.blog.so-net.ne.jp,さきてつ,0,
14923,http://77penguin-sheep.blog.so-net.ne.jp,nanamama,0,
14924,http://tnysparrow.blog.so-net.ne.jp,おかぴょん,0,
14925,http://akasiromomo.blog.so-net.ne.jp,今井愛魚,0,
14926,http://terutamago.blog.so-net.ne.jp,te-chan,0,
14927,http://ougon-no-hibi.blog.so-net.ne.jp,おだにゃんこ,0,
14928,http://roco240-art.blog.so-net.ne.jp,ロコときどきキナコ,0,
14929,http://cairn-mau2-ume.blog.so-net.ne.jp,小梅姉,0,
14930,http://wish-coming-true.blog.so-net.ne.jp,マルコメ,0,
14931,http://simple-art-book.blog.so-net.ne.jp,Simple,0,
14932,http://santa-monica.blog.so-net.ne.jp,santa,0,
14933,http://nakamura12.blog.so-net.ne.jp,yuuki_n,0,
14934,http://rilachan.blog.so-net.ne.jp,pon,0,
14935,http://eleven-dimensions.blog.so-net.ne.jp,ション,0,
14936,http://coomar.blog.so-net.ne.jp,kontenten,0,
14937,http://yuki-hovifs.blog.so-net.ne.jp,yukiho,0,
14938,http://momoirobaron.blog.so-net.ne.jp,しんしん,0,
14939,http://lovely-micoco.blog.so-net.ne.jp,meimi,0,
14940,http://shizen-kansatsu.blog.so-net.ne.jp,イッシー,0,
14941,http://fising.blog.so-net.ne.jp,Naga-toto,0,
14942,http://sakayan-1.blog.so-net.ne.jp,sakayan,0,
14943,http://shimonoseki.blog.so-net.ne.jp,トレンド下関,0,
14944,http://hamete-keiba.blog.so-net.ne.jp,BUNTA,0,
14945,http://hanadagumo2.blog.so-net.ne.jp,はなだ雲,0,
14946,http://kumokirimegusuri.blog.so-net.ne.jp,九子,0,
14947,http://404-island.blog.so-net.ne.jp,404,0,
14948,http://merveilles.blog.so-net.ne.jp,i.GA,0,
14949,http://chocolate-love.blog.so-net.ne.jp,まお,0,
14950,http://sokkyoshi.blog.so-net.ne.jp,simousayama-unami,0,
14951,http://kyouichi.blog.so-net.ne.jp,takechan,0,
14952,http://t-takayou.blog.so-net.ne.jp,takayou,0,
14953,http://naoazucar.blog.so-net.ne.jp,naonao,0,
14954,http://doru-bak.blog.so-net.ne.jp,健功,0,
14955,http://kazumin-maron.blog.so-net.ne.jp,kazumin,0,
14956,http://y-poco-1400.blog.so-net.ne.jp,ゆぽ,0,
14957,http://ohayoo.blog.so-net.ne.jp,おっちゃん,0,
14958,http://remonnaseikatu.blog.so-net.ne.jp,チャー,0,
14959,http://speakeasy.blog.so-net.ne.jp,Speakeasy,0,
14960,http://a004456-yanaka.blog.so-net.ne.jp,オアシス,0,
14961,http://toshizoukun-bike.blog.so-net.ne.jp,歳三君,0,
14962,http://aoitori2013.blog.so-net.ne.jp,aoitori,0,
14963,http://brownpapa.blog.so-net.ne.jp,U3,0,
14964,http://iwasky.blog.so-net.ne.jp,たいちさん,0,
14965,http://champagne-island.blog.so-net.ne.jp,Ginger,0,
14966,http://funayoi-3.blog.so-net.ne.jp,旅爺さん,0,
14967,http://umekonotubuyaki.blog.so-net.ne.jp,itoko,0,
14968,http://kosei-takemura.blog.so-net.ne.jp,take,0,
14969,http://ryosan-no-kiyohouhen.blog.so-net.ne.jp,りょ?さん☆,0,
14970,http://k-miyazaki.blog.so-net.ne.jp,k_miyazaki,0,
14971,http://jj9network.blog.so-net.ne.jp,Zen,0,
14972,http://kizudarake-skier.blog.so-net.ne.jp,ちんさん,0,
14973,http://hok-sq.blog.so-net.ne.jp,cyano,0,
14974,http://tokinohonpo.blog.so-net.ne.jp,katakiyo,0,
14975,http://love-is.blog.so-net.ne.jp,ｔｅｄ,0,
14976,http://takaranoumi.blog.so-net.ne.jp,takaranoumi,0,
14977,http://donhenley.blog.so-net.ne.jp,don,0,
14978,http://juramaro.blog.so-net.ne.jp,じゅらまろ,0,
14979,http://hrd911.blog.so-net.ne.jp,hrd,0,
14980,http://qwe123asd.blog.so-net.ne.jp,山子路爺,0,
14981,http://sr-office-machida01.blog.so-net.ne.jp,まっちゃん,0,
14982,http://southbay.blog.so-net.ne.jp,α_Student,0,
14983,http://inkopikipiki.blog.so-net.ne.jp,KIM,0,
14984,http://fdc.blog.so-net.ne.jp,ＦＤ,0,
14985,http://1staygold9.blog.so-net.ne.jp,LoveSki,0,
14986,http://ohjiro.blog.so-net.ne.jp,おぉ！次郎,0,
14987,http://mobo2.blog.so-net.ne.jp,モボ,0,
14988,http://little-bird.blog.so-net.ne.jp,四辻の狸,0,
14989,http://majyo1948.blog.so-net.ne.jp,majyo,0,
14990,http://silverag.blog.so-net.ne.jp,silverag,0,
14991,http://demirin-chiro.blog.so-net.ne.jp,ＤＥＭＩりん,0,
14992,http://daisuke-diary.blog.so-net.ne.jp,YellowDog,0,
14993,http://jazzchatnet.blog.so-net.ne.jp,すーさん,0,
14994,http://mari-mari.blog.so-net.ne.jp,麻里圭子,0,
14995,http://bxk07344.blog.so-net.ne.jp,bxk07344,0,
14996,http://sokuten.blog.so-net.ne.jp,すのぉヤロー,0,
14997,http://chatbleu.blog.so-net.ne.jp,ChatBleu,0,
14998,http://ganguriinuinu.blog.so-net.ne.jp,がんぐりーぬ,0,
14999,http://ade8ko.blog.so-net.ne.jp,溺愛猫的女人,0,
15000,http://o-sama-to-hawaii.blog.so-net.ne.jp,aloha,0,
15001,http://gan-blackpenguin5.blog.so-net.ne.jp,Ganchan,0,
15002,http://idobata-photo.blog.so-net.ne.jp,uchin,0,
15003,http://silencer169.blog.so-net.ne.jp,silencer169,0,
15004,http://rlab.blog.so-net.ne.jp,rascal,0,
15005,http://temporary-pleasures.blog.so-net.ne.jp,goyan,0,
15006,http://hatumi30331hituji.blog.so-net.ne.jp,hatumi30331,0,
15007,http://gomokuturi2.blog.so-net.ne.jp,kou,0,
15008,http://masuchin.blog.so-net.ne.jp,ますちん,0,
15009,http://blutrapenfx.blog.so-net.ne.jp,ハレルヤ,0,
15010,http://kashimiya.blog.so-net.ne.jp,まいなすいおん,0,
15011,http://opas10.blog.so-net.ne.jp,opas10,0,
15012,http://rugbyhead.blog.so-net.ne.jp,トリック,0,
15013,http://jl6wgo.blog.so-net.ne.jp,JL6WGO,0,
15014,http://lamer76.blog.so-net.ne.jp,lamer,0,
15015,http://up-down-ukiuki.blog.so-net.ne.jp,しきみ,0,
15016,http://zyuoumuzin.blog.so-net.ne.jp,縦横無人,0,
15017,http://justintonation.blog.so-net.ne.jp,koten,0,
15018,http://hide3011.blog.so-net.ne.jp,ひでぷに,0,
15019,http://heso-m2.blog.so-net.ne.jp,me-co,0,
15020,http://timor.blog.so-net.ne.jp,Mosel,0,
15021,http://iko4wd.blog.so-net.ne.jp,iko4wd,0,
15022,http://everyday-happiness.blog.so-net.ne.jp,werewolf,0,
15023,http://nomikuji.blog.so-net.ne.jp,犬眉母,0,
15024,http://ff-kobayan.blog.so-net.ne.jp,コバヤン,0,
15025,http://mrykk24sw.blog.so-net.ne.jp,リュウ,0,
15026,http://hirometai.blog.so-net.ne.jp,hirometai,0,
15027,http://ara-san.blog.so-net.ne.jp,arasan,0,
15028,http://arail206.blog.so-net.ne.jp,arail206,0,
15029,http://gg233334.blog.so-net.ne.jp,GG233334,0,
15030,http://hnhk.blog.so-net.ne.jp,hnhk,0,
15031,http://boheneko.blog.so-net.ne.jp,のらん,0,
15032,http://si-ba.blog.so-net.ne.jp,SIBA-dog,0,
15033,http://kokoro-analysis.blog.so-net.ne.jp,kokoroan,0,
15034,http://kiyo2011.blog.so-net.ne.jp,kiyo,0,
15035,http://yukkodq10mattarilife.blog.so-net.ne.jp,ゆっこ,0,
15036,http://data.blog.so-net.ne.jp,KOME,0,
15037,http://takaoji.blog.so-net.ne.jp,たかおじー,0,
15038,http://usiusi.blog.so-net.ne.jp,もーもー,0,
15039,http://nagomintea.blog.so-net.ne.jp,和,0,
15040,http://kovch.blog.so-net.ne.jp,KOVCH,0,
15041,http://ponnpokorinn515.blog.so-net.ne.jp,ぽんぽこりん,0,
15042,http://center--idogaya.blog.so-net.ne.jp,mo_co,0,
15043,http://ryousennnokaze.blog.so-net.ne.jp,asa,0,
15044,http://ponn1351.blog.so-net.ne.jp,ponnta1351,0,
15045,http://hamamatu-tetu.blog.so-net.ne.jp,JR浜松,0,
15046,http://hide-tabi.blog.so-net.ne.jp,hide-m,0,
15047,http://pearl6.blog.so-net.ne.jp,ふうりん,0,
15048,http://tommy1188.blog.so-net.ne.jp,tommy88,0,
15049,http://affiliato-treasure.blog.so-net.ne.jp,パパ太郎,0,
15050,http://kouichi3.blog.so-net.ne.jp,こういち３,0,
15051,http://towllf.blog.so-net.ne.jp,肉球,0,
15052,http://kiichan2-tabiji.blog.so-net.ne.jp,きーちゃん2,0,
15053,http://buddha2007.blog.so-net.ne.jp,toshi,0,
15054,http://monogusaojisan.blog.so-net.ne.jp,タンタン,0,
15055,http://shinopin.blog.so-net.ne.jp,しのぴん,0,
15056,http://nissken.blog.so-net.ne.jp,にすけん,0,
15057,http://watanabi.blog.so-net.ne.jp,ワタナビ,0,
15058,http://kyoumomattari.blog.so-net.ne.jp,ユウ,0,
15059,http://sakusaku603.blog.so-net.ne.jp,クッキー,0,
15060,http://mdr.blog.so-net.ne.jp,Hide,0,
15061,http://oyaneko46.blog.so-net.ne.jp,ななママ,0,
15062,http://lovelyclay.blog.so-net.ne.jp,ホイップ・クレイ,0,
15063,http://tajimarl.blog.so-net.ne.jp,たじまーる,0,
15064,http://marutaro.blog.so-net.ne.jp,まるたろう,0,
15065,http://ishikawadenki.blog.so-net.ne.jp,ishikawa,0,
15066,http://hazakura.blog.so-net.ne.jp,スー,0,
15067,http://cafemn2010-3.blog.so-net.ne.jp,＊ピカチュウ＊,0,
15068,http://tvshowtime.blog.so-net.ne.jp,タロット二郎,0,
15069,http://otthan.blog.so-net.ne.jp,おっつぁん,0,
15070,http://green-2ohanadaisuki.blog.so-net.ne.jp,グリーン,0,
15071,http://onemore01.blog.so-net.ne.jp,ワンモア,0,
15072,http://knyku.blog.so-net.ne.jp,KINYAN0829,0,
15073,http://sune2.blog.so-net.ne.jp,sune,0,
15074,http://y-sato213.blog.so-net.ne.jp,サトちゃん,0,
15075,http://goro2.blog.so-net.ne.jp,goro2001,0,
15076,http://xn--ldrw0ofz5ah5e.blog.so-net.ne.jp,tanukyan,0,
15077,http://okku-blog-kimama.blog.so-net.ne.jp,おっくー,0,
15078,http://comfortable-sense.blog.so-net.ne.jp,MONSTER ZERO,0,
15079,http://seimi-1925.blog.so-net.ne.jp,セイミー,0,
15080,http://hapihapiastrology2.blog.so-net.ne.jp,リマーナすず,0,
15081,http://p-tech.blog.so-net.ne.jp,KAN,0,
15082,http://habarigani.blog.so-net.ne.jp,jane,0,
15083,http://mainichi-tentekomai.blog.so-net.ne.jp,MINERVA,0,
15084,http://siroyagi2.blog.so-net.ne.jp,siroyagi2,0,
15085,http://koncyanobento.blog.so-net.ne.jp,まる,0,
15086,http://gokigensan-pictures4.blog.so-net.ne.jp,Gokigensan-Pictures,0,
15087,http://moony-flight.blog.so-net.ne.jp,風来鶏,0,
15088,http://47moji-to-1.blog.so-net.ne.jp,カリコ,0,
15089,http://ika-mimichan.blog.so-net.ne.jp,美美,0,
15090,http://aquabbbb.blog.so-net.ne.jp,caveruna,0,
15091,http://nakaseshinkyuseikotu.blog.so-net.ne.jp,なかせ,0,
15092,http://oshieru.blog.so-net.ne.jp,オシエル,0,
15093,http://kiki0070.blog.so-net.ne.jp,kiki,0,
15094,http://hakkenden.blog.so-net.ne.jp,八犬伝,0,
15095,http://shuchanganbare.blog.so-net.ne.jp,しゅうちゃん,0,
15096,http://life-is-animal.blog.so-net.ne.jp,マリエ,0,
15097,http://cafenonnon.blog.so-net.ne.jp,ＮＯＮＮＯＮオヤジ,0,
15098,http://toshi-taka.blog.so-net.ne.jp,t-toshi,0,
15099,http://yoko-kun.blog.so-net.ne.jp,ようこくん,0,
15100,http://elegant-star.blog.so-net.ne.jp,コシノセイ,0,
15101,http://shiroiruka.blog.so-net.ne.jp,シロイルカ,0,
15102,http://88th-ap-factory.blog.so-net.ne.jp,川崎工場長,0,
15103,http://ja6nqo.blog.so-net.ne.jp,kan,0,
15104,http://ryukei-rondan.blog.so-net.ne.jp,ryu-ron,0,
15105,http://tarorin01.blog.so-net.ne.jp,たろりん,0,
15106,http://sakanasnso-net.blog.so-net.ne.jp,sakana,0,
15107,http://memoteru.blog.so-net.ne.jp,めもてる,0,
15108,http://under-picture2.blog.so-net.ne.jp,コーヒーカップ,0,
15109,http://heroarts.blog.so-net.ne.jp,heroarts,0,
15110,http://boo-choco-boo.blog.so-net.ne.jp,boo,0,
15111,http://saia-saia.blog.so-net.ne.jp,saia,0,
15112,http://hatopopo.blog.so-net.ne.jp,hatopopo,0,
15113,http://da3785409059562628.blog.so-net.ne.jp,シラネアオイ,0,
15114,http://lequiche.blog.so-net.ne.jp,lequiche,0,
15115,http://hyokki.blog.so-net.ne.jp,はる,0,
15116,http://acquanaturale.blog.so-net.ne.jp,ちぇる,0,
15117,http://habeypapa-rchobby.blog.so-net.ne.jp,habyパパ,0,
15118,http://ku-po.blog.so-net.ne.jp,クッピーラムネ,0,
15119,http://oton-1gou.blog.so-net.ne.jp,おとん１号,0,
15120,http://choco724.blog.so-net.ne.jp,choco,0,
15121,http://qualis.blog.so-net.ne.jp,mphoto,0,
15122,http://books-traveller.blog.so-net.ne.jp,なか,0,
15123,http://tre-graffitis.blog.so-net.ne.jp,orio0711,0,
15124,http://nijyuumarumaru.blog.so-net.ne.jp,masa,0,
15125,http://kobufipc.blog.so-net.ne.jp,KOBU,0,
15126,http://tale-soup-hiho.blog.so-net.ne.jp,エイシュン,0,
15127,http://hanasanpo-2.blog.so-net.ne.jp,g_g,0,
15128,http://ja-kou66-blog.blog.so-net.ne.jp,Ja-Kou66,0,
15129,http://lotus-europa.blog.so-net.ne.jp,柴犬,0,
15130,http://ryo1216.blog.so-net.ne.jp,ryo1216,0,
15131,http://tossy1ban.blog.so-net.ne.jp,tossy,0,
15132,http://caprice.blog.so-net.ne.jp,ぶーけ,0,
15133,http://gin0011.blog.so-net.ne.jp,銀,0,
15134,http://te-tukuri.blog.so-net.ne.jp,スーおばさん,0,
15135,http://ryokuen-kobasan1924.blog.so-net.ne.jp,cooper,0,
15136,http://utsusu.blog.so-net.ne.jp,おっとり,0,
15137,http://bird-echo.blog.so-net.ne.jp,ramblin,0,
15138,http://nyakko.blog.so-net.ne.jp,yakko,0,
15139,http://hatuyo45-1.blog.so-net.ne.jp,彩美,0,
15140,http://bicycle-diet.blog.so-net.ne.jp,大型中年,0,
15141,http://sitada-photo.blog.so-net.ne.jp,モリガメ,0,
15142,http://donna2.blog.so-net.ne.jp,Francis,0,
15143,http://shuu2.blog.so-net.ne.jp,shuuji,0,
15144,http://okina-02.blog.so-net.ne.jp,okin-02,0,
15145,http://chinchiko.blog.so-net.ne.jp,ChinchikoPapa,0,
15146,http://kanjirukoto.blog.so-net.ne.jp,川鮎くん,0,
15147,http://wing-gadget.blog.so-net.ne.jp,wing,0,
15148,http://escape5525.blog.so-net.ne.jp,escape,0,
15149,http://bonsan-memory.blog.so-net.ne.jp,ぼんさん,0,
15150,http://poohsuke.blog.so-net.ne.jp,pooh,0,
15151,http://kimugoq.blog.so-net.ne.jp,だいだらぼっち,0,
15152,http://heppokoking.blog.so-net.ne.jp,七（なな）,0,
15153,http://turugiuo.blog.so-net.ne.jp,つるぎうお,0,
15154,http://tochimochi.blog.so-net.ne.jp,tochimochi,0,
15155,http://supermitsuyan.blog.so-net.ne.jp,mitsuyan,0,
15156,http://utuwa-kobako.blog.so-net.ne.jp,竹口要,0,
15157,http://non-yo-00.blog.so-net.ne.jp,non_0101,0,
15158,http://olive-yokohama.blog.so-net.ne.jp,rappi,0,
15159,http://wattana7.blog.so-net.ne.jp,wattana,0,
15160,http://pure-bin.blog.so-net.ne.jp,macky,0,
15161,http://kamerun.blog.so-net.ne.jp,さとし,0,
15162,http://zeroko-0653.blog.so-net.ne.jp,ぜろこ,0,
15163,http://dawn-lucifer61.blog.so-net.ne.jp,るしふぁ,0,
15164,http://kazenomahoroba.blog.so-net.ne.jp,未来,0,
15165,http://nekotokurasu.blog.so-net.ne.jp,palpal,0,
15166,http://batebate2.blog.so-net.ne.jp,たかぼん,0,
15167,http://caterham7777777.blog.so-net.ne.jp,caterham_7,0,
15168,http://gen-vol3.blog.so-net.ne.jp,gen,0,
15169,http://hassey-hassey110104.blog.so-net.ne.jp,hasseyおやじ,0,
15170,http://chip-dale-shimarisu.blog.so-net.ne.jp,シマリス,0,
15171,http://ichimen.blog.so-net.ne.jp,ナツパパ,0,
15172,http://poponpa.blog.so-net.ne.jp,雪渦,0,
15173,http://5d2.blog.so-net.ne.jp,starwars2015,0,
15174,http://pito-kapi.blog.so-net.ne.jp,pito-kapi,0,
15175,http://cazz99.blog.so-net.ne.jp,Cazz,0,
15176,http://1961-roadrunner.blog.so-net.ne.jp,タイド☆マン,0,
15177,http://kotori-cafe.blog.so-net.ne.jp,うさこ,0,
15178,http://rinhh.blog.so-net.ne.jp,RIN,0,
15179,http://nahanaha.blog.so-net.ne.jp,ぷち,0,
15180,http://taka1105.blog.so-net.ne.jp,taka,0,
15181,http://mar-tierra.blog.so-net.ne.jp,miffy,0,
15182,http://sorahei-s2.blog.so-net.ne.jp,そらへい,0,
15183,http://nyonyokki.blog.so-net.ne.jp,chrysogenum,0,
15184,http://enya697.blog.so-net.ne.jp,えんや,0,
15185,http://miyazaki-hogushiya-m.blog.so-net.ne.jp,宮崎ほぐし屋,0,
15186,http://hmoyaji.blog.so-net.ne.jp,老年蛇銘多親父(HM-Oyaji),0,
15187,http://2go.blog.so-net.ne.jp,弐号,0,
15188,http://lunablog.blog.so-net.ne.jp,Lunamaria,0,
15189,http://pf-t.blog.so-net.ne.jp,トモミ,0,
15190,http://watt3pappy2.blog.so-net.ne.jp,ハンコック,0,
15191,http://akatonbonosanpo.blog.so-net.ne.jp,あかとんぼ,0,
15192,http://ok-rock.blog.so-net.ne.jp,ok-rock,0,
15193,http://falco84.blog.so-net.ne.jp,ファルコ８４,0,
15194,http://yu-papa0202.blog.so-net.ne.jp,yu-papa,0,
15195,http://okosabo-2.blog.so-net.ne.jp,oko,0,
15196,http://bosbot.blog.so-net.ne.jp,ポウ,0,
15197,http://turlinco.blog.so-net.ne.jp,つるりんこ,0,
15198,http://koco23.blog.so-net.ne.jp,Koco,0,
15199,http://tugarukaikyou.blog.so-net.ne.jp,tokumichi,0,
15200,http://showgames.blog.so-net.ne.jp,しょう,0,
15201,http://pinkylabyrinth.blog.so-net.ne.jp,Labyrinth,0,
15202,http://yamatonosuke.blog.so-net.ne.jp,yamatonosuke,0,
15203,http://atelier-yucky.blog.so-net.ne.jp,yucky,0,
15204,http://rinmeipoko.blog.so-net.ne.jp,poko,0,
15205,http://tkhr2.blog.so-net.ne.jp,たかひろ,0,
15206,http://momokichi94.blog.so-net.ne.jp,momo94,0,
15207,http://cookiegarden.blog.so-net.ne.jp,cookie,0,
15208,http://skycatskycat2008a.blog.so-net.ne.jp,green_blue_sky,0,
15209,http://hananeko.blog.so-net.ne.jp,絵瑠,0,
15210,http://ef58-hiyamizoo.blog.so-net.ne.jp,トータン,0,
15211,http://sports-watch.blog.so-net.ne.jp,Performance76,0,
15212,http://chansuhamugen.blog.so-net.ne.jp,株の個人商店,0,
15213,http://hatu32.blog.so-net.ne.jp,優紀乃,0,
15214,http://starfortune.blog.so-net.ne.jp,Houryuu,0,
15215,http://tenzaru.blog.so-net.ne.jp,ipanemaoyaji,0,
15216,http://ooshima-chiyouin.blog.so-net.ne.jp,宮崎大島治療院,0,
15217,http://tenten12.blog.so-net.ne.jp,ten,0,
15218,http://gazirou.blog.so-net.ne.jp,ともちん,0,
15219,http://magu-wasa6.blog.so-net.ne.jp,imarin,0,
15220,http://sta-log.blog.so-net.ne.jp,みかん,0,
15221,http://ennka-karaoke.blog.so-net.ne.jp,ennkakasyu,0,
15222,http://tokkuriyashi.blog.so-net.ne.jp,トックリヤシ,0,
15223,http://onoki.blog.so-net.ne.jp,not_so_bad_one,0,
15224,http://cocoapanda.blog.so-net.ne.jp,ココアなクマ,0,
15225,http://wordrobe.blog.so-net.ne.jp,(。・_・。)２ｋ,0,
15226,http://youji.blog.so-net.ne.jp,youji,0,
15227,http://hanamura-tatsuhiko.blog.so-net.ne.jp,hanamura,0,
15228,http://matujyun36.blog.so-net.ne.jp,なぎさ☆,0,
15229,http://emerald-heart.blog.so-net.ne.jp,A・ラファエル,0,
15230,http://hanbu-y.blog.so-net.ne.jp,汎武,0,
15231,http://toyosantoyosan.blog.so-net.ne.jp,toyosan,0,
15232,http://kiki-kiki-kiki.blog.so-net.ne.jp,Kiki,0,
15233,http://hana2009-5.blog.so-net.ne.jp,hana2017,0,
15234,http://pandan56.blog.so-net.ne.jp,pandan,0,
15235,http://mikazuki2009.blog.so-net.ne.jp,Mari,0,
15236,http://wattana.blog.so-net.ne.jp,wattana,0,
15237,http://jinchoge2.blog.so-net.ne.jp,沈丁花,0,
15238,http://gu-tara-animator.blog.so-net.ne.jp,haru,0,
15239,http://nash-bridges.blog.so-net.ne.jp,nash-bridges,0,
15240,http://enomi3.blog.so-net.ne.jp,えのみ,0,
15241,http://azuki-14.blog.so-net.ne.jp,小豆,0,
15242,http://debdylan0605.blog.so-net.ne.jp,DEBDYLAN,0,
15243,http://younosuke-music-bank.blog.so-net.ne.jp,ゆうのすけ,0,
15244,http://uroko.blog.so-net.ne.jp,yamatyan,0,
15245,http://usa147.blog.so-net.ne.jp,ペタッキ,0,
15246,http://skellington.blog.so-net.ne.jp,Minky,0,
15247,http://eternal-pet.blog.so-net.ne.jp,枝動,0,
15248,http://show-kera.blog.so-net.ne.jp,ＮＴ,0,
15249,http://monaco-life.blog.so-net.ne.jp,まゆみっふぃ,0,
15250,http://yuibun2.blog.so-net.ne.jp,yuibun,0,
15251,http://nouri-oz.blog.so-net.ne.jp,nouri,0,
15252,http://saikyouhome.blog.so-net.ne.jp,K,0,
15253,http://gf487323.blog.so-net.ne.jp,gf487323,0,
15254,http://sugomono.blog.so-net.ne.jp,sugoimono,0,
15255,http://niwaasobi.blog.so-net.ne.jp,garden,0,
15256,http://new-2-newton.blog.so-net.ne.jp,newton,0,
15257,http://kissarmy1984.blog.so-net.ne.jp,Paul,0,
15258,http://magonote-oheya.blog.so-net.ne.jp,昆野誠吾,0,
15259,http://goodluck-kiyokiyo.blog.so-net.ne.jp,kiyokiyo,0,
15260,http://myossy.blog.so-net.ne.jp,myossy,0,
15261,http://pikaripikari.blog.so-net.ne.jp,追いかけっ子,0,
15262,http://carotte-rend-aimable.blog.so-net.ne.jp,carotte,0,
15263,http://kazukonohana.blog.so-net.ne.jp,kazuko,0,
15264,http://nyanko-kotetsu.blog.so-net.ne.jp,ゆきち,0,
15265,http://tsumuratakumi.blog.so-net.ne.jp,tsumutak,0,
15266,http://ikemen-tenshi.blog.so-net.ne.jp,raomelon,0,
15267,http://chi-no-fluff-world.blog.so-net.ne.jp,ちぃ,0,
15268,http://ha3o5su3.blog.so-net.ne.jp,優伽,0,
15269,http://yuuminngahaha.blog.so-net.ne.jp,ゆうみ,0,
15270,http://ribonstyle.blog.so-net.ne.jp,ribonribon,0,
15271,http://beach-party.blog.so-net.ne.jp,yuppie,0,
15272,http://rongo-rongo.blog.so-net.ne.jp,リュカ,0,
15273,http://kazumiyao.blog.so-net.ne.jp,やおかずみ,0,
15274,http://minag.blog.so-net.ne.jp,ming,0,
15275,http://r1200gs2.blog.so-net.ne.jp,たくや,0,
15276,http://leolio-diy.blog.so-net.ne.jp,leolio,0,
15277,http://sasorimodoki-riv.blog.so-net.ne.jp,sasorimodoki,0,
15278,http://doudesyo.blog.so-net.ne.jp,doudesyo,0,
15279,http://seasidemuseum.blog.so-net.ne.jp,春日　淳樹,0,
15280,http://trendskywalker.blog.so-net.ne.jp,ディラン・ホッコリ,0,
15281,http://butsuyoku-seikatsu.blog.so-net.ne.jp,ararat,0,
15282,http://marilili.blog.so-net.ne.jp,ヒロミ,0,
15283,http://kajisan-jiji.blog.so-net.ne.jp,たそがれじーじkajisan,0,
15284,http://rudiminipin1119.blog.so-net.ne.jp,ルディパパ,0,
15285,http://enosan.blog.so-net.ne.jp,enosan,0,
15286,http://07-yutaji.blog.so-net.ne.jp,YUTAじい,0,
15287,http://nanagoo2.blog.so-net.ne.jp,やってみよう♪,0,
15288,http://kumagaisou.blog.so-net.ne.jp,dentoukokesi,0,
15289,http://haruka-papa.blog.so-net.ne.jp,Cub_356,0,
15290,http://jun-ar.blog.so-net.ne.jp,jun-ar,0,
15291,http://nekochinkun.blog.so-net.ne.jp,ぽちの輔,0,
15292,http://sora-no-kazoku2.blog.so-net.ne.jp,空楽,0,
15293,http://rice-one.blog.so-net.ne.jp,ライス,0,
15294,http://makoccino.blog.so-net.ne.jp,makoccino,0,
15295,http://kimamanieiga.blog.so-net.ne.jp,einstein,0,
15296,http://wolfym.blog.so-net.ne.jp,moz,0,
15297,http://tpec-psycholo.blog.so-net.ne.jp,CPweb,0,
15298,http://tanjun5963.blog.so-net.ne.jp,チャレンジャー,0,
15299,http://mirai-cure2.blog.so-net.ne.jp,ネオ・アッキー,0,
15300,http://keep-kbr.blog.so-net.ne.jp,keep,0,
15301,http://ksj.blog.so-net.ne.jp,無一物中無尽蔵,0,
15302,http://intermissionplus.blog.so-net.ne.jp,サルーデ,0,
15303,http://makers-with-myson.blog.so-net.ne.jp,ys_oota,0,
15304,http://re-try.blog.so-net.ne.jp,yokotee,0,
15305,http://shootingstar-chiharu.blog.so-net.ne.jp,ナベちはる,0,
15306,http://moekaznano.blog.so-net.ne.jp,萌田かずきち,0,
15307,http://oldrider3.blog.so-net.ne.jp,tomi_tomi,0,
15308,http://mami-ch.blog.so-net.ne.jp,まみ,0,
15309,http://dondon0912.blog.so-net.ne.jp,ソレイユ,0,
15310,http://kiyokiyo48.blog.so-net.ne.jp,kiyokiyo48,0,
15311,http://tai-yama-part2.blog.so-net.ne.jp,tai-yama,0,
15312,http://maru-ko2009.blog.so-net.ne.jp,まるこ,0,
15313,http://rei-tare-pan.blog.so-net.ne.jp,re-ichi,0,
15314,http://mizukisaquastyle.blog.so-net.ne.jp,みずき,0,
15315,http://mainichi-oishii.blog.so-net.ne.jp,りえぽん,0,
15316,http://tomi1030.blog.so-net.ne.jp,なお,0,
15317,http://photo-memory.blog.so-net.ne.jp,らる,0,
15318,http://tentennikki-2.blog.so-net.ne.jp,てんてん,0,
15319,http://dakudaku575.blog.so-net.ne.jp,粋田化石,0,
15320,http://pinky-momo.blog.so-net.ne.jp,ピンキィモモ,0,
15321,http://smartinfo.blog.so-net.ne.jp,司馬亮,0,
15322,http://eparu-world.blog.so-net.ne.jp,u_yasu,0,
15323,http://it-manual.blog.so-net.ne.jp,syorotoru,0,
15324,http://kinki-iro.blog.so-net.ne.jp,すもも,0,
15325,http://dreamhunter.blog.so-net.ne.jp,夢の狩人,0,
15326,http://nmzk.blog.so-net.ne.jp,nmzk,0,
15327,http://cocoa3shimo33.blog.so-net.ne.jp,S北斗,0,
15328,http://woodbrown.blog.so-net.ne.jp,yes_hama,0,
15329,http://murai-kazuhiko.blog.so-net.ne.jp,かずい,0,
15330,http://kazu-kun-no.blog.so-net.ne.jp,kazu-kun2626,0,
15331,http://garion.blog.so-net.ne.jp,がりおん,0,
15332,http://ztonbaltan.blog.so-net.ne.jp,レインボーゴブリンズ,0,
15333,http://volleyballmatsupapa.blog.so-net.ne.jp,まつパパ,0,
15334,http://fukurokenbunroku.blog.so-net.ne.jp,福郎,0,
15335,http://kmcp.blog.so-net.ne.jp,umesan,0,
15336,http://renbajin.blog.so-net.ne.jp,renbajinharuhi,0,
15337,http://eigasanpo.blog.so-net.ne.jp,うめきち,0,
15338,http://kame-takayoshi.blog.so-net.ne.jp,Kame,0,
15339,http://cravit.blog.so-net.ne.jp,akkun,0,
15340,http://fumi-kuwachan.blog.so-net.ne.jp,kuwachan,0,
15341,http://music-1000.blog.so-net.ne.jp,センニン,0,
15342,http://hiro-runners-high.blog.so-net.ne.jp,hiro,0,
15343,http://soranekobik.blog.so-net.ne.jp,soraneko,0,
15344,http://viviane-a.blog.so-net.ne.jp,viviane,0,
15345,http://derufyi-iyfured.blog.so-net.ne.jp,デルフィー,0,
15346,http://hyouhyouto.blog.so-net.ne.jp,tsun,0,
15347,http://kinkin-everyday.blog.so-net.ne.jp,kinkin,0,
15348,http://tiare-tiare-tiare.blog.so-net.ne.jp,SWEET,0,
15349,http://benny-s51.blog.so-net.ne.jp,星紅丸,0,
15350,http://hotnews1015.blog.so-net.ne.jp,momo,0,
15351,http://kazenifukarete-2.blog.so-net.ne.jp,arashi,0,
15352,http://sony-ashikaga.blog.so-net.ne.jp,しのざき,0,
15353,http://takomo.blog.so-net.ne.jp,tachi,0,
15354,http://shiba-rocky.blog.so-net.ne.jp,みぃにゃん,0,
15355,http://chocomaru.blog.so-net.ne.jp,チョコまる,0,
15356,http://ya42853.blog.so-net.ne.jp,ハマコウ,0,
15357,http://nbotenba.blog.so-net.ne.jp,ナビパ,0,
15358,http://yoshy-papa4.blog.so-net.ne.jp,ヨッシーパパ,0,
15359,http://nuno-hurawe35.blog.so-net.ne.jp,侘び助,0,
15360,http://asthenosphere.blog.so-net.ne.jp,（た）,0,
15361,http://ganpura-gandamu-suki.blog.so-net.ne.jp,すてきな30代,0,
15362,http://shikemokuwosuinagara.blog.so-net.ne.jp,KENT0mg,0,
15363,http://kenb.blog.so-net.ne.jp,ken,0,
15364,http://m-stock.blog.so-net.ne.jp,ストックン,0,
15365,http://photoessay.blog.so-net.ne.jp,JUNKO,0,
15366,http://musashi.blog.so-net.ne.jp,ムサシママ,0,
15367,http://maeast0712.blog.so-net.ne.jp,ま?ぶる,0,
15368,http://butakun.blog.so-net.ne.jp,猫またぎ,0,
15369,http://ffml.blog.so-net.ne.jp,ffml,0,
15370,http://kohtyan.blog.so-net.ne.jp,kohtyan,0,
15371,http://doraken.blog.so-net.ne.jp,はじドラ,0,
