id,url,title,flg,remarks
3373,http://ab7885.blog.so-net.ne.jp,ウッドペッカー,0,　
3374,http://shinyamamotojp.blog.so-net.ne.jp,SHIN,0,
3375,http://riseingshot.blog.so-net.ne.jp,伊呂波,0,
3376,http://morimorimorichan.blog.so-net.ne.jp,モリモリもりちゃん,0,
3377,http://babymatta.blog.so-net.ne.jp,kitakata,0,
3378,http://rudiminipin1119.blog.so-net.ne.jp,ルディパパ,0,
3379,http://kouichi3.blog.so-net.ne.jp,こういち３,0,
3380,http://xperia-with-my-life.blog.so-net.ne.jp,galaxy_express999,0,
3381,http://happy-vietnam.blog.so-net.ne.jp,ハッピー,0,
3382,http://yuibun2.blog.so-net.ne.jp,yuibun,0,
3383,http://underjollyrojer.blog.so-net.ne.jp,mata_asita,0,
3384,http://lemming.blog.so-net.ne.jp,lemming,0,
3385,http://shinkocreate.blog.so-net.ne.jp,shinko.create,0,
3386,http://wakuwakuijyu.blog.so-net.ne.jp,dai-h,0,
3387,http://non-yo-00.blog.so-net.ne.jp,non_0101,0,
3388,http://kayo0130.blog.so-net.ne.jp,kayo0130,0,
3389,http://nyonyokki.blog.so-net.ne.jp,chrysogenum,0,
3390,http://nisisyou36.blog.so-net.ne.jp,nisisyou36,0,
3391,http://sky-snow-picture.blog.so-net.ne.jp,snow,0,
3392,http://maru-ko2009.blog.so-net.ne.jp,まるこ,0,
3393,http://ga61-ma70-gdb.blog.so-net.ne.jp,HIDEe,0,
3394,http://tossy1ban.blog.so-net.ne.jp,tossy,0,
3395,http://yoshy-papa4.blog.so-net.ne.jp,ヨッシーパパ,0,
3396,http://terutamago.blog.so-net.ne.jp,te-chan,0,
3397,http://me-pocket.blog.so-net.ne.jp,little_me,0,
3398,http://hotnet.blog.so-net.ne.jp,いとまん,0,
3399,http://madtp1.blog.so-net.ne.jp,とまと,0,
3400,http://ztonbaltan.blog.so-net.ne.jp,レインボーゴブリンズ,0,
3401,http://matunoki.blog.so-net.ne.jp,甘夏,0,
3402,http://nao-chan.blog.so-net.ne.jp,「直chan」,0,
3403,http://seiji619619.blog.so-net.ne.jp,ばー助,0,
3404,http://scenery-in-idlenesss.blog.so-net.ne.jp,gardenwalker,0,
3405,http://music-1000.blog.so-net.ne.jp,センニン,0,
3406,http://toshizoukun-bike.blog.so-net.ne.jp,歳三君,0,
3407,http://monokakinohitorigoto.blog.so-net.ne.jp,そうじろう,0,
3408,http://saikyouhome.blog.so-net.ne.jp,K,0,
3409,http://teruen-030.blog.so-net.ne.jp,hikaru-eg,0,
3410,http://takalog-001.blog.so-net.ne.jp,サボさん,0,
3411,http://uroko.blog.so-net.ne.jp,yamatyan,0,
3412,http://miyazaki-hogushiya-m.blog.so-net.ne.jp,宮崎ほぐし屋,0,
3413,http://nakahirai.blog.so-net.ne.jp,内州海人,0,
3414,http://cotono-memo.blog.so-net.ne.jp,cotono,0,
3415,http://m-stock.blog.so-net.ne.jp,ストックン,0,
3416,http://umajii2010.blog.so-net.ne.jp,馬爺,0,
3417,http://kazsan.blog.so-net.ne.jp,kazg,0,
3418,http://magnificent18.blog.so-net.ne.jp,magnificent18,0,
3419,http://spice-man.blog.so-net.ne.jp,スパイスマン,0,
3420,http://el-guitarschool.blog.so-net.ne.jp,エル　ギタースクール,0,
3421,http://tanoshiku-gohan.blog.so-net.ne.jp,motomoto,0,
3422,http://re-try.blog.so-net.ne.jp,yokotee,0,
3423,http://ougon-no-hibi.blog.so-net.ne.jp,おだにゃんこ,0,
3424,http://ttrm.blog.so-net.ne.jp,ｔｒｍ,0,
3425,http://ishikawadenki.blog.so-net.ne.jp,ishikawa,0,
3426,http://mumin.blog.so-net.ne.jp,ムーミンパパ,0,
3427,http://cravit.blog.so-net.ne.jp,akkun,0,
3428,http://mesiume.blog.so-net.ne.jp,めしがうまい,0,
3429,http://sasorimodoki-riv.blog.so-net.ne.jp,sasorimodoki,0,
3430,http://mry311.blog.so-net.ne.jp,みりー,0,
3431,http://cyokokunn.blog.so-net.ne.jp,cyoko1112,0,
3432,http://hide3011.blog.so-net.ne.jp,ひでぷに,0,
3433,http://cazz99.blog.so-net.ne.jp,Cazz,0,
3434,http://pf-t.blog.so-net.ne.jp,トモミ,0,
3435,http://maharun.blog.so-net.ne.jp,haru-ru,0,
3436,http://fishermans-club.blog.so-net.ne.jp,釣り好きアウトドアマン,0,
3437,http://chinchiko.blog.so-net.ne.jp,ChinchikoPapa,0,
3438,http://mami-ch.blog.so-net.ne.jp,まみ,0,
3439,http://honsitu.blog.so-net.ne.jp,チョココア,0,
3440,http://biyouite.blog.so-net.ne.jp,かみ,0,
3441,http://takatotigers-gogo.blog.so-net.ne.jp,タカト53,0,
3442,http://anythingtalk.blog.so-net.ne.jp,slowlife,0,
3443,http://shikemokuwosuinagara.blog.so-net.ne.jp,KENT1mg,0,
3444,http://lequiche.blog.so-net.ne.jp,lequiche,0,
3445,http://rice-one.blog.so-net.ne.jp,ライス,0,
3446,http://aki-web-site.blog.so-net.ne.jp,AKI,0,
3447,http://geinou-sports-news12.blog.so-net.ne.jp,love-peace,0,
3448,http://kenkounaseikatsu.blog.so-net.ne.jp,たあさん,0,
3449,http://lime-diary.blog.so-net.ne.jp,マンチカン72☆,0,
3450,http://saia-saia.blog.so-net.ne.jp,saia,0,
3451,http://abe-sr.blog.so-net.ne.jp,heroherosr,0,
3452,http://kotarobs.blog.so-net.ne.jp,駅員3,0,
3453,http://sanukibito.blog.so-net.ne.jp,讃岐人,0,
3454,http://cyorocyoro-sanpo.blog.so-net.ne.jp,ちょろっとぶぅ,0,
3455,http://zxc1115asd.blog.so-net.ne.jp,beisi,0,
3456,http://emiclock.blog.so-net.ne.jp,とし＠黒猫,0,
3457,http://doppy.blog.so-net.ne.jp,yukarin,0,
3458,http://show-kera.blog.so-net.ne.jp,ＮＴ,0,
3459,http://brownpapa.blog.so-net.ne.jp,U3,0,
3460,http://maki1118.blog.so-net.ne.jp,まき,0,
3461,http://intermissionplus.blog.so-net.ne.jp,サルーデ,0,
3462,http://qwe123asd.blog.so-net.ne.jp,山子路爺,0,
3463,http://kyouichi.blog.so-net.ne.jp,takechan,0,
3464,http://pota50go-2.blog.so-net.ne.jp,charingo,0,
3465,http://nicolas23.blog.so-net.ne.jp,nicolas,0,
3466,http://cat-mei4236.blog.so-net.ne.jp,yoriko,0,
3467,http://foreigner.blog.so-net.ne.jp,Ujiki.oO,0,
3468,http://aikencocoprinissi.blog.so-net.ne.jp,makkun,0,
3469,http://daylightbirthday.blog.so-net.ne.jp,daylight,0,
3470,http://koh925.blog.so-net.ne.jp,koh925,0,
3471,http://nagatomo-1984.blog.so-net.ne.jp,長友,0,
3472,http://memoteru.blog.so-net.ne.jp,めもてる,0,
3473,http://seira-ootori.blog.so-net.ne.jp,bee-15,0,
3474,http://niki310.blog.so-net.ne.jp,niki,0,
3475,http://az-note.blog.so-net.ne.jp,あずらいと,0,
3476,http://comfortable-sense.blog.so-net.ne.jp,MONSTER ZERO,0,
3477,http://bonsan-memory.blog.so-net.ne.jp,ぼんさん,0,
3478,http://kunikkoganikoniko.blog.so-net.ne.jp,ニコニコファイト,0,
3479,http://nigarimi.blog.so-net.ne.jp,にがり美,0,
3480,http://kinkin-everyday.blog.so-net.ne.jp,kinkin,0,
3481,http://create2014.blog.so-net.ne.jp,Ujiki.oO,0,
3482,http://izakaya-keiba.blog.so-net.ne.jp,ちょいのり,0,
3483,http://kyounomonogatari.blog.so-net.ne.jp,sweetcandy,0,
3484,http://masao-no-news.blog.so-net.ne.jp,まさお,0,
3485,http://i-am-daigo.blog.so-net.ne.jp,stove,0,
3486,http://marutaro.blog.so-net.ne.jp,まるたろう,0,
3487,http://kashimiya.blog.so-net.ne.jp,まいなすいおん,0,
3488,http://sephiroth7.blog.so-net.ne.jp,sephiroth,0,
3489,http://sirufu999.blog.so-net.ne.jp,シルフ,0,
3490,http://versatile.blog.so-net.ne.jp,やっしー,0,
3491,http://black-hibiki.blog.so-net.ne.jp,響,0,
3492,http://aozora-garage.blog.so-net.ne.jp,asuka,0,
3493,http://50ikiiki.blog.so-net.ne.jp,いっきまーす！,0,
3494,http://naorin2-0427.blog.so-net.ne.jp,naonao,0,
3495,http://kohtyan.blog.so-net.ne.jp,kohtyan,0,
3496,http://atempo.blog.so-net.ne.jp,coron,0,
3497,http://takarazukalife611.blog.so-net.ne.jp,makorin,0,
3498,http://sea-diary.blog.so-net.ne.jp,くるりんちょ,0,
3499,http://mainichikotukotu.blog.so-net.ne.jp,jin,0,
3500,http://yasujikawasemi.blog.so-net.ne.jp,kawasemi,0,
3501,http://ichitaro1943.blog.so-net.ne.jp,さーやん,0,
3502,http://trendsports123.blog.so-net.ne.jp,azu-ri,0,
3503,http://heiannityoumevet.blog.so-net.ne.jp,dumbo,0,
3504,http://dendenmushimushi.blog.so-net.ne.jp,dendenmushi,0,
3505,http://aitherr0317.blog.so-net.ne.jp,s-takuya,0,
3506,http://opas10.blog.so-net.ne.jp,opas10,0,
3507,http://chip-dale-shimarisu.blog.so-net.ne.jp,シマリス,0,
3508,http://shimipan.blog.so-net.ne.jp,淳司,0,
3509,http://loungenote.blog.so-net.ne.jp,まっつん,0,
3510,http://y-sato213.blog.so-net.ne.jp,サトちゃん,0,
3511,http://shiba-rocky.blog.so-net.ne.jp,みぃにゃん,0,
3512,http://pikaripikari.blog.so-net.ne.jp,追いかけっ子,0,
3513,http://eri20150101.blog.so-net.ne.jp,えり,0,
3514,http://takaoji.blog.so-net.ne.jp,たかおじー,0,
3515,http://shuchanganbare.blog.so-net.ne.jp,しゅうちゃん,0,
3516,http://nature-from-suginami.blog.so-net.ne.jp,Mitch,0,
3517,http://corgi-yama-niwa.blog.so-net.ne.jp,フロリダマナティー,0,
3518,http://papa-enta.blog.so-net.ne.jp,suzuran,0,
3519,http://ohjiro.blog.so-net.ne.jp,おぉ！次郎,0,
3520,http://netabare-oremono.blog.so-net.ne.jp,nayutan,0,
3521,http://sin-sibata2.blog.so-net.ne.jp,ハゲノヤセウマ,0,
3522,http://fantaro.blog.so-net.ne.jp,ふぁんた,0,
3523,http://boheneko.blog.so-net.ne.jp,のらん,0,
3524,http://pinky-momo.blog.so-net.ne.jp,ピンキィモモ,0,
3525,http://hassey-hassey110104.blog.so-net.ne.jp,hasseyおやじ,0,
3526,http://yamatotakada.blog.so-net.ne.jp,裏・市長,0,
3527,http://tiare-tiare-tiare.blog.so-net.ne.jp,SWEET,0,
3528,http://anoyo-no-uta.blog.so-net.ne.jp,井上さき,0,
3529,http://monogusaojisan.blog.so-net.ne.jp,タンタン,0,
3530,http://yonesan.blog.so-net.ne.jp,ジジコッす,0,
3531,http://shibatetsu.blog.so-net.ne.jp,芝浦鉄親父,0,
3532,http://funayoi-3.blog.so-net.ne.jp,旅爺さん,0,
3533,http://takoyqki-2010.blog.so-net.ne.jp,なんだかなぁ?!! 横 濱男,0,
3534,http://semi53.blog.so-net.ne.jp,mimimomo,0,
3535,http://k-hatsumou.blog.so-net.ne.jp,PCユース,0,
3536,http://hokt100.blog.so-net.ne.jp,のんおいる,0,
3537,http://1961-roadrunner.blog.so-net.ne.jp,タイド☆マン,0,
3538,http://pinkylabyrinth.blog.so-net.ne.jp,Labyrinth,0,
3539,http://chibishibamomo.blog.so-net.ne.jp,ももきち,0,
3540,http://dondon0912.blog.so-net.ne.jp,ソレイユ,0,
3541,http://t0n1kakuhaj1mey0u.blog.so-net.ne.jp,あとりえＳＡＫＡＮＡ,0,
3542,http://yuuminngahaha.blog.so-net.ne.jp,ゆうみ,0,
3543,http://aomikamica.blog.so-net.ne.jp,青山実花,0,
3544,http://waradutoya.blog.so-net.ne.jp,waradutoya,0,
3545,http://youzi.blog.so-net.ne.jp,youzi,0,
3546,http://r1200gs2.blog.so-net.ne.jp,たくや,0,
3547,http://webtarou.blog.so-net.ne.jp,tarou,0,
3548,http://nori3.blog.so-net.ne.jp,のり,0,
3549,http://seawind335.blog.so-net.ne.jp,seawind335,0,
3550,http://tkhr2.blog.so-net.ne.jp,たかひろ,0,
3551,http://blutrapenfx.blog.so-net.ne.jp,ハレルヤ,0,
3552,http://yamabiko.blog.so-net.ne.jp,やまびこ３,0,
3553,http://lifehacker2014.blog.so-net.ne.jp,森のノーム,0,
3554,http://monaco-life.blog.so-net.ne.jp,まゆみっふぃ,0,
3555,http://hakkenden.blog.so-net.ne.jp,八犬伝,0,
3556,http://olive-yokohama.blog.so-net.ne.jp,rappi,0,
3557,http://photo-myaa.blog.so-net.ne.jp,みゃあ,0,
3558,http://knyku.blog.so-net.ne.jp,KINYAN0829,0,
3559,http://temporary.blog.so-net.ne.jp,Atwight,0,
3560,http://1099.blog.so-net.ne.jp,ピックアップ,0,
3561,http://tokkuriyashi.blog.so-net.ne.jp,トックリヤシ,0,
3562,http://ksj.blog.so-net.ne.jp,無一物中無尽蔵,0,
3563,http://harukazenoran.blog.so-net.ne.jp,まつき,0,
3564,http://yamelen.blog.so-net.ne.jp,yam,0,
3565,http://mamii.blog.so-net.ne.jp,mamii,0,
3566,http://hrd911.blog.so-net.ne.jp,hrd,0,
3567,http://makkurokurosk.blog.so-net.ne.jp,SORI,0,
3568,http://kanbei.blog.so-net.ne.jp,官兵衛,0,
3569,http://kumaguremakkun.blog.so-net.ne.jp,makkun,0,
3570,http://lovoistolove.blog.so-net.ne.jp,shino*,0,
3571,http://my-lunch.blog.so-net.ne.jp,luces,0,
3572,http://sunshower21.blog.so-net.ne.jp,beny,0,
3573,http://sora-no-kazoku2.blog.so-net.ne.jp,空楽,0,
3574,http://kininarura.blog.so-net.ne.jp,はぎの,0,
3575,http://googoogoonco.blog.so-net.ne.jp,tamanossimo,0,
3576,http://poohsuke.blog.so-net.ne.jp,pooh,0,
3577,http://usa147.blog.so-net.ne.jp,ペタッキ,0,
3578,http://oink65.blog.so-net.ne.jp,oink!,0,
3579,http://akinai-cyaya2.blog.so-net.ne.jp,影風響,0,
3580,http://jinchoge2.blog.so-net.ne.jp,沈丁花,0,
3581,http://pinnkiri.blog.so-net.ne.jp,pinnkiri,0,
3582,http://toyosantoyosan.blog.so-net.ne.jp,toyosan,0,
3583,http://sengoshi.blog.so-net.ne.jp,いっぷく,0,
3584,http://enomi3.blog.so-net.ne.jp,えのみ,0,
3585,http://comic-kurukuru.blog.so-net.ne.jp,koume3584,0,
3586,http://rlab.blog.so-net.ne.jp,rascal,0,
3587,http://comic-day-by-day.blog.so-net.ne.jp,コミックン,0,
3588,http://mirai-cure2.blog.so-net.ne.jp,ネオ・アッキー,0,
3589,http://mizukisaquastyle.blog.so-net.ne.jp,みずき,0,
3590,http://torinomanabiya.blog.so-net.ne.jp,トリ,0,
3591,http://hananeko.blog.so-net.ne.jp,絵瑠,0,
3592,http://fukurokenbunroku.blog.so-net.ne.jp,福郎,0,
3593,http://younosuke-music-bank.blog.so-net.ne.jp,ゆうのすけ,0,
3594,http://hermitage-rosa.blog.so-net.ne.jp,miyoko,0,
3595,http://yachitake.blog.so-net.ne.jp,yachitake,0,
3596,http://fumi-kuwachan.blog.so-net.ne.jp,kuwachan,0,
3597,http://kaon8rai.blog.so-net.ne.jp,ryuyokaonhachioj,0,
3598,http://mymtks.blog.so-net.ne.jp,まゆここし,0,
3599,http://kazumin-maron.blog.so-net.ne.jp,kazumin,0,
3600,http://choco-cinnamon.blog.so-net.ne.jp,チョコシナモン,0,
3601,http://photoessay.blog.so-net.ne.jp,JUNKO,0,
3602,http://derufyi-iyfured.blog.so-net.ne.jp,デルフィー,0,
3603,http://trending-now-so-net.blog.so-net.ne.jp,trending-now,0,
3604,http://moony-flight.blog.so-net.ne.jp,風来鶏,0,
3605,http://mainichi-tentekomai.blog.so-net.ne.jp,MINERVA,0,
3606,http://op63op29pia30845.blog.so-net.ne.jp,ジョナサン,0,
3607,http://mwainfo.blog.so-net.ne.jp,mwainfo,0,
3608,http://kt-hane2010.blog.so-net.ne.jp,yuzuhane,0,
3609,http://sternrudder.blog.so-net.ne.jp,ちくわ,0,
3610,http://ringo-yoiko.blog.so-net.ne.jp,りんご,0,
3611,http://tsumuratakumi.blog.so-net.ne.jp,tsumutak,0,
3612,http://nakaseshinkyuseikotu.blog.so-net.ne.jp,なかせ,0,
3613,http://gu-kuhn.blog.so-net.ne.jp,finfin,0,
3614,http://sandersonian.blog.so-net.ne.jp,サンダーソニア,0,
3615,http://sugomono.blog.so-net.ne.jp,sugoimono,0,
3616,http://comomomomo.blog.so-net.ne.jp,comomon,0,
3617,http://dekaribon.blog.so-net.ne.jp,ribonribon,0,
3618,http://dailykaminews100.blog.so-net.ne.jp,kaminews100,0,
3619,http://genkikeroyon.blog.so-net.ne.jp,keroyon,0,
3620,http://okina-02.blog.so-net.ne.jp,okin-02,0,
3621,http://antoine.blog.so-net.ne.jp,mayu,0,
3622,http://soulfreak.blog.so-net.ne.jp,MONSTER ZERO,0,
3623,http://chi-chi-world.blog.so-net.ne.jp,ちぃ,0,
3624,http://ossan-hitori-tabi.blog.so-net.ne.jp,johncomeback,0,
3625,http://shufu-kininaru-tv.blog.so-net.ne.jp,machacha,0,
3626,http://freestyle-syo.blog.so-net.ne.jp,freestyle翔,0,
3627,http://mz-miata-2.blog.so-net.ne.jp,miata,0,
3628,http://rokushin.blog.so-net.ne.jp,fujiki,0,
3629,http://try-toeic.blog.so-net.ne.jp,newsbox,0,
3630,http://makers-with-myson.blog.so-net.ne.jp,ys_oota,0,
3631,http://bleat26.blog.so-net.ne.jp,フヂ,0,
3632,http://pandan56.blog.so-net.ne.jp,pandan,0,
3633,http://07-yutaji.blog.so-net.ne.jp,YUTAじい,0,
3634,http://cafemn2010.blog.so-net.ne.jp,＊ピカチュウ＊,0,
3635,http://ao-take.blog.so-net.ne.jp,あおたけ,0,
3636,http://kazenifukarete-2.blog.so-net.ne.jp,arashi,0,
3637,http://sugarsugar.blog.so-net.ne.jp,マユマユ,0,
3638,http://enosan.blog.so-net.ne.jp,enosan,0,
3639,http://trendskywalker.blog.so-net.ne.jp,ディラン・ホッコリ,0,
3640,http://fxdb-lucky-ruguchi2.blog.so-net.ne.jp,るぐっちぃ,0,
3641,http://buddha2007.blog.so-net.ne.jp,toshi,0,
3642,http://harinezuminchi.blog.so-net.ne.jp,ハリネズミ,0,
3643,http://oreno-news-1213.blog.so-net.ne.jp,トレンダー櫻井,0,
3644,http://nanagoo2.blog.so-net.ne.jp,やってみよう♪,0,
3645,http://kabuko.blog.so-net.ne.jp,チヨル(たろう),0,
3646,http://viviane-a.blog.so-net.ne.jp,viviane,0,
3647,http://nekochinkun.blog.so-net.ne.jp,ぽちの輔,0,
3648,http://aloha-moana.blog.so-net.ne.jp,terrybear,0,
3649,http://wolfym.blog.so-net.ne.jp,moz,0,
3650,http://justintonation.blog.so-net.ne.jp,koten,0,
3651,http://nyagonyago3.blog.so-net.ne.jp,にゃごにゃご,0,
3652,http://hanasanpo-2.blog.so-net.ne.jp,g_g,0,
3653,http://yoshiaki-mizue.blog.so-net.ne.jp,よしあき・ギャラリー,0,
3654,http://okosabo-2.blog.so-net.ne.jp,oko,0,
3655,http://okuenohosomiti.blog.so-net.ne.jp,mydreamtoday,0,
3656,http://hatumi30331hituji.blog.so-net.ne.jp,hatumi30331,0,
3657,http://telephone-soudan.blog.so-net.ne.jp,tai-zou,0,
3658,http://ryo1216.blog.so-net.ne.jp,ryo1216,0,
3659,http://gu-tara-animator.blog.so-net.ne.jp,haru,0,
3660,http://winonaomoshironikki.blog.so-net.ne.jp,winona-0725,0,
3661,http://mercariguide.blog.so-net.ne.jp,ポテト,0,
3662,http://yumesakura.blog.so-net.ne.jp,夢さくら,0,
3663,http://wattana.blog.so-net.ne.jp,wattana,0,
3664,http://aquabbbb.blog.so-net.ne.jp,caveruna,0,
3665,http://tweet-2.blog.so-net.ne.jp,tweet_2,0,
3666,http://dankai-gener.blog.so-net.ne.jp,DANKAI_Gen,0,
3667,http://sakusaku603.blog.so-net.ne.jp,クッキー,0,
3668,http://catpan.blog.so-net.ne.jp,catpan,0,
3669,http://gudagudagekki.blog.so-net.ne.jp,アルマ,0,
3670,http://hotnews1015.blog.so-net.ne.jp,momo,0,
3671,http://gazirou.blog.so-net.ne.jp,ともちん,0,
3672,http://joun.blog.so-net.ne.jp,kurakichi,0,
3673,http://chocolate-love.blog.so-net.ne.jp,まお,0,
3674,http://batebate2.blog.so-net.ne.jp,たかぼん,0,
3675,http://kinki-iro.blog.so-net.ne.jp,すもも,0,
3676,http://denkitomeraremasita.blog.so-net.ne.jp,電気男,0,
3677,http://kazutoku.blog.so-net.ne.jp,kazutoku,0,
3678,http://akihiro-s.blog.so-net.ne.jp,akihiro-s,0,
3679,http://up-down-ukiuki.blog.so-net.ne.jp,しきみ,0,
3680,http://barbie-kyoto.blog.so-net.ne.jp,barbie,0,
3681,http://tithan3mik725.blog.so-net.ne.jp,花好き人,0,
3682,http://g-life.blog.so-net.ne.jp,g-life,0,
3683,http://keita-noel2.blog.so-net.ne.jp,ニッキー,0,
3684,http://cookiegarden.blog.so-net.ne.jp,cookie,0,
3685,http://kuroneko-tana.blog.so-net.ne.jp,mitsuya,0,
3686,http://mdr.blog.so-net.ne.jp,Hide,0,
3687,http://lamer76.blog.so-net.ne.jp,lamer,0,
3688,http://majyo1948.blog.so-net.ne.jp,majyo,0,
3689,http://kazu-kun-no.blog.so-net.ne.jp,kazu-kun2626,0,
3690,http://myossy.blog.so-net.ne.jp,myossy,0,
3691,http://seimi-1925.blog.so-net.ne.jp,セイミー,0,
3692,http://nohoon-is-good.blog.so-net.ne.jp,ぴーすけ君,0,
3693,http://makoto2983.blog.so-net.ne.jp,Ctuまこと,0,
3694,http://hatotonyanko.blog.so-net.ne.jp,ちゅんちゅんちゅん,0,
3695,http://toohokuhonsen.blog.so-net.ne.jp,ミスター仙台,0,
3696,http://skycatskycat2008a.blog.so-net.ne.jp,green_blue_sky,0,
3697,http://ichiro-chiba2.blog.so-net.ne.jp,イチロー,0,
3698,http://under-picture.blog.so-net.ne.jp,コーヒーカップ,0,
3699,http://geinou-news-s.blog.so-net.ne.jp,naru.44,0,
3700,http://wordrobe.blog.so-net.ne.jp,(。・_・。)２ｋ,0,
3701,http://ya42853.blog.so-net.ne.jp,ハマコウ,0,
3702,http://takechanmanchan.blog.so-net.ne.jp,猫爺,0,
3703,http://xml-xsl.blog.so-net.ne.jp,xml_xsl,0,
3704,http://k-beluga.blog.so-net.ne.jp,beluga,0,
3705,http://jefsoccer.blog.so-net.ne.jp,nuruinu,0,
3706,http://ffml.blog.so-net.ne.jp,ffml,0,
3707,http://new-2-newton.blog.so-net.ne.jp,newton,0,
3708,http://kaiouken2bai.blog.so-net.ne.jp,gacha-gacha,0,
3709,http://debdylan0605.blog.so-net.ne.jp,DEBDYLAN,0,
3710,http://asthenosphere.blog.so-net.ne.jp,（た）,0,
3711,http://magonote-oheya.blog.so-net.ne.jp,昆野誠吾,0,
3712,http://carotte-rend-aimable.blog.so-net.ne.jp,carotte,0,
3713,http://yohtambo.blog.so-net.ne.jp,yohtambo,0,
3714,http://husky-chicchi.blog.so-net.ne.jp,ミラジョボチッチ,0,
3715,http://da3785409059562628.blog.so-net.ne.jp,シラネアオイ,0,
3716,http://sakurakun.blog.so-net.ne.jp,さくら君,0,
3717,http://sokkyoshi.blog.so-net.ne.jp,simousayama-unami,0,
3718,http://usaginoharusan.blog.so-net.ne.jp,TakiHaru,0,
3719,http://ika-mimichan.blog.so-net.ne.jp,美美,0,
3720,http://rongo-rongo.blog.so-net.ne.jp,リュカ,0,
3721,http://shinopin.blog.so-net.ne.jp,しのぴん,0,
3722,http://wine-montrachet.blog.so-net.ne.jp,ma2ma2,0,
3723,http://tentennikki-2.blog.so-net.ne.jp,てんてん,0,
3724,http://jirosaburo.blog.so-net.ne.jp,二郎三郎,0,
3725,http://sawatari-yasai.blog.so-net.ne.jp,sarusan,0,
3726,http://andy-renny.blog.so-net.ne.jp,あんれに,0,
3727,http://coochan-hai.blog.so-net.ne.jp,raomelon,0,
3728,http://akarui-mirai.blog.so-net.ne.jp,楽しく生きよう,0,
3729,http://sasoenta.blog.so-net.ne.jp,げいなう,0,
