1,http://utuwa-kobako.blog.so-net.ne.jp,- kobako blog -,TRUE
2,http://tai-yama-part2.blog.so-net.ne.jp,10万km超えたZ、第二章,TRUE
3,http://onemore01.blog.so-net.ne.jp,1/144ヒコーキ工房,TRUE
4,http://qk32.blog.so-net.ne.jp,1973年1月23日生・独身・さぁどうする!?,TRUE
5,http://maosanchan.blog.so-net.ne.jp,2わんとのんびり,TRUE
6,http://to-mu.blog.so-net.ne.jp,a domani,TRUE
7,http://momo0529.blog.so-net.ne.jp,aby's cafe,TRUE
8,http://aki-web-site.blog.so-net.ne.jp,AKI-WEB-SITE 漫画・日記・写真を公開中,TRUE
9,http://andante-kyon2.blog.so-net.ne.jp,Andante Ⅱ,TRUE
10,http://bybycycle.blog.so-net.ne.jp,BD-1と写真と,TRUE
11,http://sunshower21.blog.so-net.ne.jp,Benyの菜園,TRUE
12,http://bit-diary.blog.so-net.ne.jp,bit日記,TRUE
13,http://gan-blackpenguin5.blog.so-net.ne.jp,blackpenguin's bar,TRUE
14,http://yasai-88.blog.so-net.ne.jp,BLOG SITE　HighWay Star,TRUE
15,http://code-a.blog.so-net.ne.jp,blog:code-a,TRUE
16,http://naorin2-274.blog.so-net.ne.jp,Blue SplashⅢ,TRUE
17,http://aquabbbb.blog.so-net.ne.jp,B型アクエリアスⅣ,TRUE
18,http://monaco-life.blog.so-net.ne.jp,B型ママの子育て日記,TRUE
19,http://cookiegarden.blog.so-net.ne.jp,cookie's garden,TRUE
20,http://coolandjazzy.blog.so-net.ne.jp,cool & jazzy,TRUE
21,http://pontiac.blog.so-net.ne.jp,D60つれてこ !,TRUE
22,http://dankai-gener.blog.so-net.ne.jp,DANKAI身辺雑記,TRUE
23,http://sonicmaizuru.blog.so-net.ne.jp,e-sony shop ソニックマイヅルのブログ,TRUE
24,http://wine-montrachet.blog.so-net.ne.jp,EdenhallとSuperFlyers,TRUE
25,http://emiclock.blog.so-net.ne.jp,Emi Clockは、どうなったの？,TRUE
26,http://e-flower.blog.so-net.ne.jp,Erena flower（エレナフラワー),TRUE
27,http://fareastcafe.blog.so-net.ne.jp,FarNorthCafe,TRUE
28,http://donna2.blog.so-net.ne.jp,Francis's Photolog-2,TRUE
29,http://to-ru.blog.so-net.ne.jp,Free Flight,TRUE
30,http://gokigensan-pictures4.blog.so-net.ne.jp,Gokigensan-Pictures4,TRUE
31,http://robin2826.blog.so-net.ne.jp,Green's log,TRUE
32,http://hana2009-5.blog.so-net.ne.jp,hana blog,TRUE
33,http://maeast0712.blog.so-net.ne.jp,*Happy Lucky Smile Days*,TRUE
34,http://hieroh66.blog.so-net.ne.jp,hierohフォトルーム,TRUE
35,http://k-isaragi.blog.so-net.ne.jp,himawari turedureni,TRUE
36,http://photodiary-hiro.blog.so-net.ne.jp,Hiroshi's photo collection,TRUE
37,http://showgames.blog.so-net.ne.jp,IT系町工場を目指せ！,TRUE
38,http://jazzchatnet.blog.so-net.ne.jp,jazzchat.jp,TRUE
39,http://jixji.blog.so-net.ne.jp,JIJI's Photo Gallery,TRUE
40,http://hamamatu-tetu.blog.so-net.ne.jp,JR浜松鉄道Offical Page　浜鉄Blog,TRUE
41,http://justice-u3.blog.so-net.ne.jp,Justice !,TRUE
42,http://kaji-mulberrysurf.blog.so-net.ne.jp,kajiブログサーフィンライフ/千葉県南房総/和田町,TRUE
43,http://kazu-kun-no.blog.so-net.ne.jp,kazu-kun2626の写真日記,TRUE
44,http://kiki-kiki-kiki.blog.so-net.ne.jp,kikiのいろいろ,TRUE
45,http://kimagurekoubou.blog.so-net.ne.jp,KIMAGURE工房のブログ,TRUE
46,http://kinkin-everyday.blog.so-net.ne.jp,kinkinの日常録,TRUE
47,http://kinki-iro.blog.so-net.ne.jp,KinKi色暗号,TRUE
48,http://kiyo2011.blog.so-net.ne.jp,Kiyo's blog 2011,TRUE
49,http://koco23.blog.so-net.ne.jp,Koco's Diary,TRUE
50,http://komin.blog.so-net.ne.jp,Komin's Photo Blog,TRUE
51,http://kosa-p2.blog.so-net.ne.jp,kosa-pのにっき,TRUE
52,http://kotori-cafe.blog.so-net.ne.jp,kotori cafe,TRUE
53,http://ksgarden.blog.so-net.ne.jp,K's garden,TRUE
54,http://ks-photo2.blog.so-net.ne.jp,K's Photo (Part2),TRUE
55,http://kunkunbear.blog.so-net.ne.jp,Kun-Kun*BEAR のテディベア,TRUE
56,http://googoogoonco.blog.so-net.ne.jp,La Boh?me**,TRUE
57,http://2012-ano-hana-2013.blog.so-net.ne.jp,Laboratorio de WAKAEDE,TRUE
58,http://len44.blog.so-net.ne.jp,Len's Diary,TRUE
59,http://shootingstar-chiharu.blog.so-net.ne.jp,Let's しっちゃかめっちゃか！！,TRUE
60,http://darksazaby.blog.so-net.ne.jp,Light River,TRUE
61,http://emix-handmade-life.blog.so-net.ne.jp,LOVE☆HandMade♪,TRUE
62,http://magnificent18.blog.so-net.ne.jp,magnificent18,TRUE
63,http://aikencocoprinissi.blog.so-net.ne.jp,makkunの犬ばか日誌 (^^ Vol.2,TRUE
64,http://mamii.blog.so-net.ne.jp,Mamii の雑記帳,TRUE
65,http://sugarsugar.blog.so-net.ne.jp,mayumayu Blog,TRUE
66,http://fumi-kuwachan.blog.so-net.ne.jp,memoranda,TRUE
67,http://skellington.blog.so-net.ne.jp,Minkyのよもやま日記,TRUE
68,http://miyappp.blog.so-net.ne.jp,miyappp time,TRUE
69,http://moony-flight.blog.so-net.ne.jp,Moony Flight,TRUE
70,http://hachintosh.blog.so-net.ne.jp,Movies 1-800,TRUE
71,http://music-news-jp.blog.so-net.ne.jp,Music news jp,TRUE
72,http://nanobeya.blog.so-net.ne.jp,nanoblock room,TRUE
73,http://new-2-newton.blog.so-net.ne.jp,newtonの独り言2,TRUE
74,"http://c-yukky.blog.so-net.ne.jp/2016-12-28""",Now & Then,TRUE
75,http://tkhr2.blog.so-net.ne.jp,One by One 2,TRUE
76,http://pandango.blog.so-net.ne.jp,Pandango!!,TRUE
77,http://kometotaiyou.blog.so-net.ne.jp,Photo Message Board－ブログ版－,TRUE
78,http://nabinabi.blog.so-net.ne.jp,Photo －Freedom－,TRUE
79,http://paddies.blog.so-net.ne.jp,Plow the paddy.,TRUE
80,http://juristfootball.blog.so-net.ne.jp,Positive Logical Creative,TRUE
81,http://eternal-pet.blog.so-net.ne.jp,PRAYER ～永遠なるペット～,TRUE
82,http://ps3kanriki.blog.so-net.ne.jp,PS3プレイ記録！？,TRUE
83,http://puripuri.blog.so-net.ne.jp,puripuri,TRUE
84,http://shimipan.blog.so-net.ne.jp,Q&Tカフェ　パン職人の上海生活 Q&T Cafe,TRUE
85,http://right-light.blog.so-net.ne.jp,Que Sera Sera,TRUE
86,http://happy-time-quilt.blog.so-net.ne.jp,Quilt Time,TRUE
87,http://r1200gs2.blog.so-net.ne.jp,R1200GS LC の日常,TRUE
88,http://sclracwlog.blog.so-net.ne.jp,Raccoon's weblog,TRUE
89,http://mari-00-mari.blog.so-net.ne.jp,海山の御馳走あれこれ,TRUE
90,http://re-try.blog.so-net.ne.jp,Re-Try,TRUE
91,http://rinhh.blog.so-net.ne.jp,RIN HH BLOG,TRUE
92,"<link rel=""selenium.base"" href=""http://robertcole.blog.so-net.ne.jp",Roberts Eye,TRUE
93,http://rongo-rongo.blog.so-net.ne.jp,Rongo-Rongo,TRUE
94,http://saru-3rd.blog.so-net.ne.jp,sarus blog,TRUE
95,http://boom.blog.so-net.ne.jp,satomiの『ゲーム★日記』,TRUE
96,http://scenery-in-idlenesss.blog.so-net.ne.jp,scenery-in-idleness,TRUE
97,http://ok-rock.blog.so-net.ne.jp,Second Foundation,TRUE
98,http://yagumo-camera.blog.so-net.ne.jp,shigeのつぶやき日記,TRUE
99,http://cheriojp.blog.so-net.ne.jp,SIGMA DPシリーズを持って 出かけよう,TRUE
100,http://silverag.blog.so-net.ne.jp,◎　Silver Ag　◎,TRUE
101,http://soulfreak.blog.so-net.ne.jp,SMALL TALK by SOUL FREAK,TRUE
102,http://create2014.blog.so-net.ne.jp,So-net ヴログで楽しい日々を,TRUE
103,http://tantanpopo.blog.so-net.ne.jp,SONYSHOP SEIWA 仕事日記,TRUE
104,http://sunny-kao12.blog.so-net.ne.jp,Sunny Days,TRUE
105,http://kame-takayoshi.blog.so-net.ne.jp,Ta - Kame House,TRUE
106,http://takasan-tekitou.blog.so-net.ne.jp,ta kaさんはまじめに適当なんです。,TRUE
107,http://tbm.blog.so-net.ne.jp,TBMの趣味三昧,TRUE
108,http://temporary-pleasures.blog.so-net.ne.jp,Temporary pleasures,TRUE
109,http://comfortable-sense.blog.so-net.ne.jp,The Comfortable Comfort,TRUE
110,http://debdylan0605.blog.so-net.ne.jp,THE ROLLING THUNDER REVUE,TRUE
111,http://tksfile04.blog.so-net.ne.jp,TKS File04,TRUE
112,http://toka102-godaime.blog.so-net.ne.jp,TOKA102、音楽作りのブログ,TRUE
113,http://tokyoride.blog.so-net.ne.jp,TokyoRide,TRUE
114,http://ufo-flatfield.blog.so-net.ne.jp,UFO on the Flatfield,TRUE
115,http://viviane-a.blog.so-net.ne.jp,Viviane's Information,TRUE
116,http://wordrobe.blog.so-net.ne.jp,Wardrobeの宝物,TRUE
117,http://e97h0017.blog.so-net.ne.jp,WEBLOG：e97h0017,TRUE
118,http://yachitake.blog.so-net.ne.jp,Yachi-Homeかみさんに見つからないように,TRUE
119,http://yyyyyyy.blog.so-net.ne.jp,yamachan,TRUE
120,http://yohyo.blog.so-net.ne.jp,yohyo大好き！,TRUE
121,http://yubarimelon.blog.so-net.ne.jp,Yubarimelonの気ままな歴史散歩,TRUE
122,http://07-yutaji.blog.so-net.ne.jp,YUTAじいの何でも製作記,TRUE
123,http://fuuten3.blog.so-net.ne.jp,Ⅲ - たんぶるうぃーど,TRUE
124,http://bleat26.blog.so-net.ne.jp,■フぅ～ヂこちゃ～ん■,TRUE
125,http://gottani-1953.blog.so-net.ne.jp,◆ 道楽・・・ごった煮 ◆,TRUE
126,http://xml-xsl.blog.so-net.ne.jp,◇JavaScript DHTML XML CSS,TRUE
127,http://qoo2qoo.blog.so-net.ne.jp,◇気まぐれブログ◇,TRUE
128,http://dj-kannon.blog.so-net.ne.jp,☆DJ Kannon☆１日１ＤＪ,TRUE
129,http://achami-love.blog.so-net.ne.jp,☆☆うみのAIBO☆☆,TRUE
130,http://hiyokogumo-kotomu.blog.so-net.ne.jp,☆☆まめ☆マメ☆ｍａｍｅ☆☆,TRUE
131,http://nahanaha.blog.so-net.ne.jp,☆毎日がハピネス☆,TRUE
132,http://charuko-no-nikki.blog.so-net.ne.jp,☆脱☆ぐうたら生活,TRUE
133,http://rimabasu.blog.so-net.ne.jp,「りまバス！」の部屋,TRUE
134,http://lovelyclay.blog.so-net.ne.jp,「ホイップ・クレイ」の可愛い~手作り粘土雑貨,TRUE
135,http://ponn1351.blog.so-net.ne.jp,「喜寿＋１才となりました」,TRUE
136,http://fcm3.blog.so-net.ne.jp,「時計仕掛けの昭和館」喫茶室,TRUE
137,http://kurama640203.blog.so-net.ne.jp,「父子手帳」代表取締役主夫でした,TRUE
138,http://nao-chan.blog.so-net.ne.jp,「直chan」ＷＯＲＬＤ,TRUE
139,http://wattana.blog.so-net.ne.jp,「行ってきました」シリーズ,TRUE
140,http://shimonoseki.blog.so-net.ne.jp,『関工健児』誇りあれ！　下関トレンド最新ニュース,TRUE
141,http://ao-take.blog.so-net.ne.jp,あおたけ　撮影記,TRUE
142,http://bu-taro.blog.so-net.ne.jp,あたふたどたばた雑多な日々,TRUE
143,http://t0n1kakuhaj1mey0u.blog.so-net.ne.jp,あとりえＳＡＫＡＮＡのブログ,TRUE
144,http://mirai-cure2.blog.so-net.ne.jp,あなたにBon Voyage! Ver.通,TRUE
145,http://tvshowtime.blog.so-net.ne.jp,あの人に聞いたろっと,TRUE
146,http://terablogarisa.blog.so-net.ne.jp,ありさ日記ヾ(＠＾∇＾＠)ノ,TRUE
147,http://sasorimodoki-riv.blog.so-net.ne.jp,あるふぁすぴん,TRUE
148,http://aloha-moana.blog.so-net.ne.jp,いたずら“もあな”とマミーの日記,TRUE
149,http://lotus-europa.blog.so-net.ne.jp,いつまで続く？英国車オーナー記,TRUE
150,http://rinmeipoko.blog.so-net.ne.jp,いつも一緒、ず～っと一緒♪,TRUE
151,http://ya42853.blog.so-net.ne.jp,いま　ここ　浜松,TRUE
152,http://oyoyo-chan.blog.so-net.ne.jp,いんこ　ぴ-ぴっぴの毎日♪,TRUE
153,http://sakanouehe.blog.so-net.ne.jp,うぉーきんぐ　はなちゃん,TRUE
154,http://usaginoharusan.blog.so-net.ne.jp,うさぎのはるさん 何見て跳ねる？,TRUE
155,http://uroko.blog.so-net.ne.jp,うろこ　,TRUE
156,http://uwagoto-soragoto.blog.so-net.ne.jp,うわごとたわごとそらごと絵日記,TRUE
157,http://love123.blog.so-net.ne.jp,おいしい生活,TRUE
158,http://ohjiro.blog.so-net.ne.jp,おぉ！次郎ブログ,TRUE
159,http://oton-1gou.blog.so-net.ne.jp,おとんすぎる,TRUE
160,http://kiyokiyo48.blog.so-net.ne.jp,お気に入りの音楽etc,TRUE
161,http://77me.blog.so-net.ne.jp,お気楽かーさん,TRUE
162,http://mry311.blog.so-net.ne.jp,お菓子大好き！お菓子日記,TRUE
163,http://minneko.blog.so-net.ne.jp,お釈迦さまの“本当”に教えたかったこと,TRUE
164,http://cazz99.blog.so-net.ne.jp,かぱまんKAPAMAN,TRUE
165,http://kame-zou2.blog.so-net.ne.jp,かめぞうのさんぽ２,TRUE
166,http://fp-senjya.blog.so-net.ne.jp,かんばら☆さとみの「おもてなし日記」,TRUE
167,http://hassey-hassey110104.blog.so-net.ne.jp,がんばれ！おやじ(^_^)v,TRUE
168,http://kinokochan-enikki.blog.so-net.ne.jp,きのこちゃん絵日記,TRUE
169,http://younosuke-music-bank.blog.so-net.ne.jp,きまぐれ　ＭＵＳＩＣ－ＢＡＮＫ☆彡,TRUE
170,http://gudagudagekki.blog.so-net.ne.jp,ぐだぐだ月記,TRUE
171,http://gaku-mizumaru.blog.so-net.ne.jp,ぐりーんふぃんがーずくらぶ日誌,TRUE
172,http://makoccino.blog.so-net.ne.jp,ぐるぐるらいふ,TRUE
173,http://kakikakikaki.blog.so-net.ne.jp,けせらんぱさらん,TRUE
174,http://reamwhat.blog.so-net.ne.jp,けだものたちが……,TRUE
175,http://life-is-animal.blog.so-net.ne.jp,こちら肉球クラブ,TRUE
176,http://tanjun5963.blog.so-net.ne.jp,この方法を見つけてからは、なぜか儲かるようになった。,TRUE
177,http://yoka-comic.blog.so-net.ne.jp,これまで読んだコミックのアーカイブ,TRUE
178,http://buc575plus.blog.so-net.ne.jp,こんなモノ俳句じゃない 5・7・5＋＋,TRUE
179,http://pinkylabyrinth.blog.so-net.ne.jp,ごまちゃん'ｓ 備忘録,TRUE
180,http://muramasa-x6.blog.so-net.ne.jp,さいはて,TRUE
181,http://sakurakun.blog.so-net.ne.jp,さくら君、かく語りき。～さくら整体療術院日記～,TRUE
182,http://nekozdiary.blog.so-net.ne.jp,さとみ家,TRUE
183,http://shinopin.blog.so-net.ne.jp,しのぴんのブログ,TRUE
184,http://shimado-oct-shimado.blog.so-net.ne.jp,しまどっとの独り旅『移動日命』E-P1とGH2の旅,TRUE
185,http://enosan.blog.so-net.ne.jp,じいじのサンデー毎日,TRUE
186,http://jowagamenote.blog.so-net.ne.jp,じょわがめのまったり自由帳,TRUE
187,http://tnysparrow.blog.so-net.ne.jp,すすめ、すずめ！,TRUE
188,http://kfuruta.blog.so-net.ne.jp,せとっこの旅,TRUE
189,http://y-k-f-c.blog.so-net.ne.jp,その他大勢　ｎ　のつぶやき,TRUE
190,http://sorekore.blog.so-net.ne.jp,それこれ,TRUE
191,http://iwasky.blog.so-net.ne.jp,たいっちゃんの雑記,TRUE
192,http://drive58.blog.so-net.ne.jp,かすむ地平線,TRUE
193,http://20050105.blog.so-net.ne.jp,たおやかに　（直ぐで柔にして剛）,TRUE
194,http://up-down-ukiuki.blog.so-net.ne.jp,ちとせみどり,TRUE
195,http://up-down-ukiuki.blog.so-net.ne.jp,ちとせみどり,TRUE
196,http://mariltupe.blog.so-net.ne.jp,ちょっと年だが、まだ若い,TRUE
197,http://pothi.blog.so-net.ne.jp,ちょっぴり！？ヲタクな日々,TRUE
198,http://cyorocyoro-sanpo.blog.so-net.ne.jp,ちょろちょろ ちょろっと散歩♪,TRUE
199,http://gazirou.blog.so-net.ne.jp,つれづれともちん,TRUE
200,http://honey-kako.blog.so-net.ne.jp,つれづれなるままに・・日々のかたらひ,TRUE
201,http://tetubo.blog.so-net.ne.jp,てつぼの部屋,TRUE
202,http://dendenmushimushi.blog.so-net.ne.jp,でんでんむしの岬めぐり,TRUE
203,http://tokidoki-momo.blog.so-net.ne.jp,ときどき桃,TRUE
204,http://basename2003jp-b.blog.so-net.ne.jp,とことこバイカー！,TRUE
205,http://tomopanda-taipei.blog.so-net.ne.jp,ともぱんだ　その２　《台湾生活編》,TRUE
206,http://non-yo-00.blog.so-net.ne.jp,とりあえず、コメントです,TRUE
207,http://stroller-ing.blog.so-net.ne.jp,とんぼちゃんのウォークぶらぶら日記,TRUE
208,http://anedesugananika.blog.so-net.ne.jp,どこまでいこう,TRUE
209,http://nakaseshinkyuseikotu.blog.so-net.ne.jp,なかせ鍼灸整骨院,TRUE
210,http://matujyun36.blog.so-net.ne.jp,なぎさ☆おやつ大好き,TRUE
211,http://dewdorop.blog.so-net.ne.jp,なんでもないこと,TRUE
212,http://kaoruko-124.blog.so-net.ne.jp,に☆ほし☆ブログ,TRUE
213,http://nissken.blog.so-net.ne.jp,にすけん,TRUE
214,http://tochigi-wannyan.blog.so-net.ne.jp,にゃん友会席　猫の部屋　犬の庭,TRUE
215,http://nyagonyago3.blog.so-net.ne.jp,ねこビーム,TRUE
216,http://kazumin-maron.blog.so-net.ne.jp,のほほんマロンさん,TRUE
217,http://takoyqki-2010.blog.so-net.ne.jp,のらりくらり．．トボトボと．．,TRUE
218,http://aomikamica.blog.so-net.ne.jp,のんびり。,TRUE
219,http://nyakko.blog.so-net.ne.jp,のんびりブログ,TRUE
220,http://doraken.blog.so-net.ne.jp,はじめてのDORAKEN(So-net出張所),TRUE
221,http://hamete-keiba.blog.so-net.ne.jp,はじめてのオッズ馬券,TRUE
222,http://hanbu-y.blog.so-net.ne.jp,はなし汎武ん,TRUE
223,http://seiji619619.blog.so-net.ne.jp,ばー助's blog,TRUE
224,http://kiyotan.blog.so-net.ne.jp,ひぐらし日記,TRUE
225,http://himawari0312.blog.so-net.ne.jp,ひまわり日記,TRUE
226,http://hirotan2.blog.so-net.ne.jp,ひろたんの山登り日記２,TRUE
227,http://fugutaro.blog.so-net.ne.jp,ふぐたろうオヤジ日記,TRUE
228,http://bullsans-house-m02.blog.so-net.ne.jp,ぶるさんのおうち,TRUE
229,http://boonbooncats.blog.so-net.ne.jp,ぶんぶんキャッツ,TRUE
230,http://heso-m2.blog.so-net.ne.jp,へそ曲がり♪の過去の様な未来予想図Ⅱ,TRUE
231,http://doudesyo.blog.so-net.ne.jp,ほっと　野鳥,TRUE
232,http://sorahei-s2.blog.so-net.ne.jp,ほぼ金曜日のそらへい,TRUE
233,http://bokutokaerunikki2.blog.so-net.ne.jp,ぼくと「かえる」日記２,TRUE
234,http://rei-tare-pan.blog.so-net.ne.jp,ぼちぼちいきまひょ,TRUE
235,http://boheneko.blog.so-net.ne.jp,ぼへ猫通信,TRUE
236,http://bonsan-memory.blog.so-net.ne.jp,ぼんさんの記憶帳,TRUE
237,http://hinatabokko-momonoki.blog.so-net.ne.jp,ぼんやり着物日記,TRUE
238,http://apricotjam.blog.so-net.ne.jp,ぽいんと,TRUE
239,http://nekochinkun.blog.so-net.ne.jp,ぽちの輔の雑記帳,TRUE
240,http://magonote-oheya.blog.so-net.ne.jp,まごのて不動産の日常風景,TRUE
241,http://akumajo.blog.so-net.ne.jp,まじょの部屋,TRUE
242,http://makkurokurosk.blog.so-net.ne.jp,まっくろクロスケ,TRUE
243,http://marutaro.blog.so-net.ne.jp,まるたろうの日記,TRUE
244,http://chi-chi-world.blog.so-net.ne.jp,みかんとはちみつ・・,TRUE
245,http://flute.blog.so-net.ne.jp,みどりの日記,TRUE
246,http://sandersonian.blog.so-net.ne.jp,み・な・も 自分の楽しみ♪,TRUE
247,http://sandersonian.blog.so-net.ne.jp,み・な・も,TRUE
248,http://mupyonko.blog.so-net.ne.jp,むう＆ぴょんこの天邪鬼探検隊,TRUE
249,http://monogusaojisan.blog.so-net.ne.jp,ものぐさおじさんの備忘録,TRUE
250,http://momokichi94.blog.so-net.ne.jp,ももきち工場～穴ボコとびこえ編～,TRUE
251,http://momokuma2.blog.so-net.ne.jp,ももくま日記　ｐａｒｔ2,TRUE
252,http://momonoouchi.blog.so-net.ne.jp,もものおうち,TRUE
253,http://my-lunch.blog.so-net.ne.jp,や け た か な,TRUE
254,http://miruku-teru.blog.so-net.ne.jp,やきたてパンだ,TRUE
255,http://nature-from-suginami.blog.so-net.ne.jp,やっぱり自然が好き,TRUE
256,http://yamabiko.blog.so-net.ne.jp,やまびこ日記,TRUE
257,http://memoteru.blog.so-net.ne.jp,ゆっくりした生活が理想ですが,TRUE
258,http://memoteru.blog.so-net.ne.jp,ゆっくりした生活が理想ですが。,TRUE
259,http://puresumorin.blog.so-net.ne.jp,ゆったり　まったり　思いのままに・・・,TRUE
260,http://amatou-daiou.blog.so-net.ne.jp,ゆる～い主婦でも陸マイラーに…成れるかな？！,TRUE
261,http://yoshiaki-mizue.blog.so-net.ne.jp,よしあき・絵画「今日の一枚」,TRUE
262,http://yopi.blog.so-net.ne.jp,よぴとらさん,TRUE
263,http://chotto-ippuku.blog.so-net.ne.jp,よーちゃんのちょっと一服コーナー,TRUE
264,http://alf-w.blog.so-net.ne.jp,りとるがれっと,TRUE
265,http://ryosan-no-kiyohouhen.blog.so-net.ne.jp,りょ～さん☆の毀誉褒貶,TRUE
266,http://rinkou.blog.so-net.ne.jp,りんこうの世界より,TRUE
267,http://08091160825.blog.so-net.ne.jp,わたしのあしあと,TRUE
268,http://watacchi-world.blog.so-net.ne.jp,わたっちの野鳥日記,TRUE
269,http://toshi-taka.blog.so-net.ne.jp,アイウエオⅡ,TRUE
270,http://sirufu999.blog.so-net.ne.jp,アトリエ5号星地区,TRUE
271,http://anis-book.blog.so-net.ne.jp,アニの只今○○中！,TRUE
272,http://nyanko-kotetsu.blog.so-net.ne.jp,アメスコこてつ,TRUE
273,http://ritsu4312.blog.so-net.ne.jp,アラフィフりっとんのつぶやき,TRUE
274,http://rtfk12369.blog.so-net.ne.jp,アラフィフオヤジ漂流奇譚,TRUE
275,http://hnhk.blog.so-net.ne.jp,アラフォー・フリーターの脱・競争人生,TRUE
276,http://tenzaru.blog.so-net.ne.jp,イパネマおやじのガーデニング日記　バラの花の画像を,TRUE
277,http://lamer76.blog.so-net.ne.jp,イメージ・２,TRUE
278,http://takaranoumi.blog.so-net.ne.jp,イラストレーサーのBLOG,TRUE
279,http://intermissionplus.blog.so-net.ne.jp,インターミッション+,TRUE
280,http://ulenanohico.blog.so-net.ne.jp,ウレナノヒコ,TRUE
281,http://kazushi310.blog.so-net.ne.jp,エンジニアなぱぱちんのおもうこと,TRUE
282,http://a004456-yanaka.blog.so-net.ne.jp,オアシスの『晴れたら良いね!!』,TRUE
283,http://oshieru.blog.so-net.ne.jp,オシエルのブログ,TRUE
284,http://soratobu.blog.so-net.ne.jp,オストドはトラブルコンダクター？,TRUE
285,http://cb750rc42.blog.so-net.ne.jp,オッサンライダーのBurning Heart,TRUE
286,http://johncomeback3.blog.so-net.ne.jp,オッサン一人旅Ⅱ,TRUE
287,http://olive-yokohama.blog.so-net.ne.jp,オリーブと戯れる,TRUE
288,http://blog.so-net.ne.jp/Lotus,オルフェウスの目覚め,TRUE
289,http://coregar.blog.so-net.ne.jp,オーディオ・ビジュアルの部屋,TRUE
290,http://cafenonnon.blog.so-net.ne.jp,カフェ・オ・レでも飲みながら・・・－気まぐれ日記帳－,TRUE
291,http://kabuko.blog.so-net.ne.jp,カブ子とユラの日記,TRUE
292,http://dreamhunter.blog.so-net.ne.jp,カメぶら雑想写真館,TRUE
293,http://chardaisukipekochann.blog.so-net.ne.jp,カリメロのひとりあそび,TRUE
294,http://nakamura12.blog.so-net.ne.jp,カルロスの日々の日記ブログ,TRUE
295,http://ryo1216.blog.so-net.ne.jp,カレイドスコープ　-ｐｈｏｔｏ　ｍｅｓｓａｇｅ-,TRUE
296,http://manamona.blog.so-net.ne.jp,カントリーガーデンといきものたち　Vol.2,TRUE
297,http://kumagaisou.blog.so-net.ne.jp,クマガイ草と木地玩具,TRUE
298,http://genn0320.blog.so-net.ne.jp,ゲンちゃま日記,TRUE
299,http://april2605.blog.so-net.ne.jp,ココのつぶやき,TRUE
300,http://kotou.blog.so-net.ne.jp,コトウサッキウオウエン,TRUE
301,http://kazenomahoroba.blog.so-net.ne.jp,ゴリラの王様,TRUE
302,http://nouri-oz.blog.so-net.ne.jp,サクゾウイクゾウ,TRUE
303,http://y-sato213.blog.so-net.ne.jp,サトちゃんのtake it easy,TRUE
304,http://yohtambo.blog.so-net.ne.jp,サンタで いこう so！,TRUE
305,http://watanabi.blog.so-net.ne.jp,ザ・ワタナビ,TRUE
306,http://umajii2010.blog.so-net.ne.jp,シニア爺さん気儘な日記,TRUE
307,http://siroari.blog.so-net.ne.jp,シロアリ屋の独り言,TRUE
308,http://gigipapa35.blog.so-net.ne.jp,ジジさんとの日々,TRUE
309,http://jijiko-jiji.blog.so-net.ne.jp,ジジコっすブログ２,TRUE
310,http://isoshijimi.blog.so-net.ne.jp,ジャックラッセルテリアと新居と・・・,TRUE
311,http://dondon0912.blog.so-net.ne.jp,ジョギング・ウォーキングでダイエット・健康維持日記,TRUE
312,http://skepticsweb.blog.so-net.ne.jp,スケプティクス・レーダー,TRUE
313,http://mrykk24sw.blog.so-net.ne.jp,ストライクな日々,TRUE
314,http://caterham7777777.blog.so-net.ne.jp,スーパー７改造日記,TRUE
315,http://xperia-so905i.blog.so-net.ne.jp,ソニー馬鹿の気まぐれブログ,TRUE
316,http://1961-roadrunner.blog.so-net.ne.jp,タイド☆マンのドァ～,TRUE
317,"<link rel=""selenium.base"" href=""http://shagyashagya.blog.so-net.ne.jp",ダメ人間それでもパチりたいんだ！！！,TRUE
318,http://husky-chicchi.blog.so-net.ne.jp,チッチの散歩道,TRUE
319,http://hyouhyouto.blog.so-net.ne.jp,チンチコチンでトキントキン、時々ダランダラン,TRUE
320,http://tsukemono.blog.so-net.ne.jp,ツケモノニッキ,TRUE
321,http://hide3011.blog.so-net.ne.jp,テニスときどきねこ,TRUE
322,http://temporary.blog.so-net.ne.jp,テンポラリ,TRUE
323,http://digital-camera.blog.so-net.ne.jp,デジカメ写真ブログ,TRUE
324,http://myossy.blog.so-net.ne.jp,トボトボ進行,TRUE
325,http://nakahirai.blog.so-net.ne.jp,ナイスミート,TRUE
326,http://tokkuriyashi.blog.so-net.ne.jp,ナイチャーオジイの海日記,TRUE
327,http://nekotokurasu.blog.so-net.ne.jp,ナノトクラス～ネコのある生活～,TRUE
328,http://kazsan.blog.so-net.ne.jp,ナードサークの四季,TRUE
329,http://goro2.blog.so-net.ne.jp,ネットをがんばろう,TRUE
330,http://shizukanakurashi.blog.so-net.ne.jp,ノルウェイ材の部屋,TRUE
331,http://harinezuminchi.blog.so-net.ne.jp,ハリネズミんちののほほんな毎日,TRUE
332,http://oldrider3.blog.so-net.ne.jp,バイクツーリング記録３,TRUE
333,http://batebate2.blog.so-net.ne.jp,バテバテなんちゃってグルメブログ2,TRUE
334,http://colibri.blog.so-net.ne.jp,バードカービングなど,TRUE
335,http://seawind335.blog.so-net.ne.jp,バーボンとAOR,TRUE
336,http://ongakudou-plus.blog.so-net.ne.jp,パズドラまったり日記,TRUE
337,http://op63op29pia30845.blog.so-net.ne.jp,ピアノと本のある生活,TRUE
338,http://1099.blog.so-net.ne.jp,ピックアップ札幌市野鳥写真,TRUE
339,http://piyomegumoca.blog.so-net.ne.jp,ピヨめぐモカのすてきな暮らし,TRUE
340,http://pinbokejustgood.blog.so-net.ne.jp,ピンボケぐらいがちょうどいい,TRUE
341,http://photoessay.blog.so-net.ne.jp,ファインダーの中の私景空間,TRUE
342,http://flight-jacket-shop.blog.so-net.ne.jp,フライトジャケット・プロフェッショナルズ・ショップ,TRUE
343,http://music-1000.blog.so-net.ne.jp,フルートと音楽の日々,TRUE
344,http://toshizoukun-bike.blog.so-net.ne.jp,フロントタイヤの向くままに,TRUE
345,http://ika-mimichan.blog.so-net.ne.jp,プチ写真館,TRUE
346,http://chunennohoshi-news.blog.so-net.ne.jp,ヘタレおやじの中年の星になれるかな？,TRUE
347,http://yumesakura.blog.so-net.ne.jp,ペンタックスと私,TRUE
348,http://hobi-hobi.blog.so-net.ne.jp,ホビホビの“大人になってもホビーが大好きっ！”その2,TRUE
349,http://wish-coming-true.blog.so-net.ne.jp,マルコメ君の食べ歩き。,TRUE
350,http://me-pocket.blog.so-net.ne.jp,ミィのぽけっと,TRUE
351,http://jibunngamikata.blog.so-net.ne.jp,メンタル改造サポート）悩み苦しみ改善解消へ,TRUE
352,http://mizukisaquastyle.blog.so-net.ne.jp,モエな日々,TRUE
353,http://sitada-photo.blog.so-net.ne.jp,モリガメの・しただ写真塾,TRUE
354,http://yamitukiyakai.blog.so-net.ne.jp,ヤミツキ☆ブログ,TRUE
355,http://yoshy-papa3.blog.so-net.ne.jp,ヨッシーパパのきまぐれブログpart3,TRUE
356,http://yoshy-papa4.blog.so-net.ne.jp,ヨッシーパパのきまぐれブログpart4,TRUE
357,http://latelier-rouge.blog.so-net.ne.jp,ラトリエ・ルージュのひとりごと,TRUE
358,http://rikouda-go.blog.so-net.ne.jp,リコーダーGO,TRUE
359,http://remonnaseikatu.blog.so-net.ne.jp,レモンな生活　心と体のバランスを整える,TRUE
360,http://yuibun2.blog.so-net.ne.jp,ログ丸太に囲まれて想うこと,TRUE
361,http://robotic-person.blog.so-net.ne.jp,ロボット人間の散歩道,TRUE
362,http://jolno.blog.so-net.ne.jp,ワイルドキャットブログ編,TRUE
363,http://riseingshot.blog.so-net.ne.jp,ヽ(｀Д´)ノ日記,TRUE
364,http://iroiro-challenge.blog.so-net.ne.jp,三日坊主,TRUE
365,http://nabinabi.blog.so-net.ne.jp,三日月,TRUE
366,http://emuraku.blog.so-net.ne.jp,中古ドメインと無料レポート,TRUE
367,http://keibayosou33.blog.so-net.ne.jp,中央競馬予想タイム,TRUE
368,http://rakuchin-memo.blog.so-net.ne.jp,主婦の楽ちん備忘録,TRUE
369,http://maru-ko2009.blog.so-net.ne.jp,二次元の国のまるこ,TRUE
370,http://idobata-photo.blog.so-net.ne.jp,井戸端写真館,TRUE
371,http://staka-kyoeiac.blog.so-net.ne.jp,人と自然,TRUE
372,http://so-yank548.blog.so-net.ne.jp,人生、イッテコイ,TRUE
373,http://hideo77k.blog.so-net.ne.jp,今これが話題です,TRUE
374,http://shiningbrightly.blog.so-net.ne.jp,今以上すべてが輝けばいいね。,TRUE
375,http://kaon8rai.blog.so-net.ne.jp,今日の感動！,TRUE
376,http://kazumiyao.blog.so-net.ne.jp,今日の散歩道,TRUE
377,http://kyoumomattari.blog.so-net.ne.jp,今日もまったり,TRUE
378,http://imazo-rowingteam.blog.so-net.ne.jp,今治造船ボート部,TRUE
379,http://hosinosekaiga.blog.so-net.ne.jp,仮（イケメン犬とみーる,TRUE
380,http://kaz1192.blog.so-net.ne.jp,俺のブログ,TRUE
381,http://ksj.blog.so-net.ne.jp,健康創造塾,TRUE
382,http://whoiswrong.blog.so-net.ne.jp,僕のマイル日記（ビジネスクラスで家族旅行）,TRUE
383,http://okuenohosomiti.blog.so-net.ne.jp,億への細道,TRUE
384,http://hatu32.blog.so-net.ne.jp,優紀乃のひとりごと,TRUE
385,http://papa-enta.blog.so-net.ne.jp,元テレビっ子の芸能＆スポーツ情報,TRUE
386,http://bon-bochi.blog.so-net.ne.jp,冷たい廊下,TRUE
387,http://ef58-hiyamizoo.blog.so-net.ne.jp,冷や水鉄道,TRUE
388,http://aoyamasihoushyosi.blog.so-net.ne.jp,出前司法書士の余ろく……あおやまひとし,TRUE
389,http://m-stock.blog.so-net.ne.jp,初心者も安心デイトレソフトやデイトレ情報の紹介,TRUE
390,http://jinn.blog.so-net.ne.jp,別冊凡庸日,TRUE
391,http://robin2826.blog.so-net.ne.jp,創作＊中の日記,TRUE
392,http://ichitaro1943.blog.so-net.ne.jp,動物園ボランティア活動記,TRUE
393,http://da3785409059562628.blog.so-net.ne.jp,北 空 港,TRUE
394,http://chibaramen.blog.so-net.ne.jp,"千葉,ラーメン,Ｍ,+α,et cetera",TRUE
395,http://abichan-abiabi.blog.so-net.ne.jp,厩橋城,TRUE
396,http://sakanasnso-net.blog.so-net.ne.jp,収集探訪記,TRUE
397,http://kohtyan.blog.so-net.ne.jp,古寺古社フォト巡り,TRUE
398,http://mup.blog.so-net.ne.jp,名前…それは両親が一番最初にくれた言葉,TRUE
399,http://tsumujikaze2.blog.so-net.ne.jp,向島のつむじ風,TRUE
400,http://cocohima.blog.so-net.ne.jp,和みを求めて　Part2,TRUE
401,http://kakese.blog.so-net.ne.jp,和明の日記（抜粋）,TRUE
402,http://karatsu.blog.so-net.ne.jp,唐津っ子のお気楽日記,TRUE
403,http://kitanohotaru.blog.so-net.ne.jp,喫茶「千歳アイリスの語らい」,TRUE
404,http://keita-noel2.blog.so-net.ne.jp,圭太とノエル　セカンドシーズン,TRUE
405,http://kanbei.blog.so-net.ne.jp,城郭・歴史 etc,TRUE
406,http://saikyouhome.blog.so-net.ne.jp,埼京ホーム : skh's blog,TRUE
407,http://ose2.blog.so-net.ne.jp,墨田区議会議員大瀬康介の墨田オンブズマンブログ第2章,TRUE
408,http://karotousen.blog.so-net.ne.jp,夏炉冬扇,TRUE
409,http://gingin123.blog.so-net.ne.jp,夕焼けの歌,TRUE
410,http://go-go-gucci.blog.so-net.ne.jp,夢のような日々,TRUE
411,http://sakura-34.blog.so-net.ne.jp,大切なのは気合と思いやり 2017 Vol.2.0,TRUE
412,http://nananabiyori.blog.so-net.ne.jp,大友七菜のなななびより,TRUE
413,http://a-stone-no.blog.so-net.ne.jp,大天然！アストンさんの冒険,TRUE
414,http://kazkaz-daizu-kimochi.blog.so-net.ne.jp,大豆の気持ち。,TRUE
415,http://kumagaisou.blog.so-net.ne.jp,天　福　地　福　,TRUE
416,http://kinkikinki.blog.so-net.ne.jp,天一姫（あまひとひめ）,TRUE
417,http://escape5525.blog.so-net.ne.jp,天使の舞う部屋,TRUE
418,http://no14ruggerman.blog.so-net.ne.jp,天然おやじの徒然,TRUE
419,http://sokkyoshi.blog.so-net.ne.jp,奢る座の定型の詩,TRUE
420,http://haribon.blog.so-net.ne.jp,娘ちゃん日記,TRUE
421,http://miyazaki-hogushiya-m.blog.so-net.ne.jp,宮崎ほぐし屋の健康ブログ,TRUE
422,http://ooshima-chiyouin.blog.so-net.ne.jp,宮崎大島治療院,TRUE
423,http://majyo1948.blog.so-net.ne.jp,宮沢賢治になれない魔女の独り言,TRUE
424,http://sawatari-yasai.blog.so-net.ne.jp,家庭菜園　さわたり,TRUE
425,http://yoko-kun.blog.so-net.ne.jp,小さなhappy,TRUE
426,http://momo-ha-sana-doll4.blog.so-net.ne.jp,小さなアトリエ・４,TRUE
427,http://abitabi.blog.so-net.ne.jp,小さな旅,TRUE
428,http://cairn-mau2-ume.blog.so-net.ne.jp,小梅家の日常,TRUE
429,http://izakaya-keiba.blog.so-net.ne.jp,居酒屋けいば,TRUE
430,http://castleinformation2.blog.so-net.ne.jp,山城踏査日記Ⅱ,TRUE
431,http://qwe123asd.blog.so-net.ne.jp,山子路爺の山旅宿,TRUE
432,http://ma-35.blog.so-net.ne.jp,岐阜市　マサゴ整骨院刊　健康小事典,TRUE
433,http://railway583.blog.so-net.ne.jp,岸田法眼のRailway Blog.season13,TRUE
434,http://cheese999.blog.so-net.ne.jp,崖の上のジョージ,TRUE
435,http://kanjirukoto.blog.so-net.ne.jp,川鮎くんの雑記,TRUE
436,http://jobu-r.blog.so-net.ne.jp,常武鉄道建設記,TRUE
437,http://heian26.blog.so-net.ne.jp,平安楽土 道中記,TRUE
438,http://taka1105.blog.so-net.ne.jp,年金生活者の投資,TRUE
439,http://sachi-23-2371.blog.so-net.ne.jp,幸も歩けば、棒にあたる,TRUE
440,http://niwaasobi.blog.so-net.ne.jp,庭で遊ぼう,TRUE
441,http://matunoki.blog.so-net.ne.jp,庭を眺める,TRUE
442,http://jun-ar.blog.so-net.ne.jp,建築家石川淳の住宅デザイン実例と日常報告,TRUE
443,http://donhenley.blog.so-net.ne.jp,彩美のつぶやき,TRUE
444,http://k-bettou.blog.so-net.ne.jp,徒然なるままに資格マニア,TRUE
445,http://leesblog.blog.so-net.ne.jp,徒然Ｌｅｅ’ｓブログ,TRUE
446,http://little-bird.blog.so-net.ne.jp,心,TRUE
447,http://nanagoo2.blog.so-net.ne.jp,Gokigensan-Pictures4,TRUE
448,http://waradutoya.blog.so-net.ne.jp,恐るべき児童公園,TRUE
449,http://makers-with-myson.blog.so-net.ne.jp,息子と一緒に Makers,TRUE
450,http://runapapa-kizuna2.blog.so-net.ne.jp,愛猫,TRUE
451,http://xjr1200-1966.blog.so-net.ne.jp,我が人生に悔いなし,TRUE
452,http://sengoshi.blog.so-net.ne.jp,戦後史の激動,TRUE
453,http://kakiluu.blog.so-net.ne.jp,散歩日和り,TRUE
454,http://douga-isin.blog.so-net.ne.jp,新・動画維新,TRUE
455,http://hanadagumo2.blog.so-net.ne.jp,新宿樹海,TRUE
456,http://funayoi-3.blog.so-net.ne.jp,旅爺さんの部屋　その5,TRUE
457,http://kokemomo2.blog.so-net.ne.jp,日々徒然,TRUE
458,http://dozo.blog.so-net.ne.jp,日々是好日,TRUE
459,http://yukatao.blog.so-net.ne.jp,日々是精進,TRUE
460,http://komuchan.blog.so-net.ne.jp,日々雑感,TRUE
461,http://dolphin7.blog.so-net.ne.jp,日がな一日,TRUE
462,http://okkun.blog.so-net.ne.jp,日常のこと,TRUE
463,http://marimari2.blog.so-net.ne.jp,日常の小さな小さな出来事,TRUE
464,http://yu-papa0202.blog.so-net.ne.jp,日常の色々,TRUE
465,http://polentaski.blog.so-net.ne.jp,日暮れに思う　今日も一日ありがとう,TRUE
466,http://dendentown.blog.so-net.ne.jp,日本橋（NIPPOMBASHI）経済新聞,TRUE
467,http://siroyagi2.blog.so-net.ne.jp,日産自動車とたたかう仲間たち,TRUE
468,http://muk.blog.so-net.ne.jp,日記,TRUE
469,http://kiki0070.blog.so-net.ne.jp,日記を書きましょうか？,TRUE
470,http://dekaribon.blog.so-net.ne.jp,旬な映画・ドラマ情報,TRUE
471,http://akarui-mirai.blog.so-net.ne.jp,明るい未来に向かって　うつとの付合い　人生楽しく,TRUE
472,http://xa8700.blog.so-net.ne.jp,明日は明日の風が吹く②,TRUE
473,http://ougon-no-hibi.blog.so-net.ne.jp,星空の下で、君に話そう３,TRUE
474,http://harunoumi.blog.so-net.ne.jp,春の海　ひねもすのたり　のたりかな,TRUE
475,http://shunbuntei.blog.so-net.ne.jp,春分亭備忘録,TRUE
476,http://tokinohonpo.blog.so-net.ne.jp,時の記憶写真本舗,TRUE
477,http://kunugi.blog.so-net.ne.jp,時間があったら,TRUE
478,http://buddha2007.blog.so-net.ne.jp,暇人の独り言,TRUE
479,http://gen-vol3.blog.so-net.ne.jp,暗中模索,TRUE
480,http://26wamika.blog.so-net.ne.jp,最近のトレンド,TRUE
481,http://mdr.blog.so-net.ne.jp,最高じゃん！,TRUE
482,http://nightthemoon.blog.so-net.ne.jp,月の夜の妄想,TRUE
483,http://torinosato.blog.so-net.ne.jp,有機農場とりのさと　から,TRUE
484,http://beaute3yoshitaka.blog.so-net.ne.jp,末尾ルコのミューズ、〈「言葉」による革命〉の学校！,TRUE
485,http://donhenley.blog.so-net.ne.jp,本を聴く日々,TRUE
486,http://tommy1188.blog.so-net.ne.jp,村まつり育蔵,TRUE
487,http://kotarobs.blog.so-net.ne.jp,東京の坂と橋をＪｅｅｐ　Ｍ３８で巡る江戸情緒発見の旅,TRUE
488,http://gentlemansonic.blog.so-net.ne.jp,東京都多摩地区在住・30代男性のblog,TRUE
489,http://toohokuhonsen.blog.so-net.ne.jp,果てしない旅(JR全線走破を目指した道程）・・・,TRUE
490,http://nyonyokki.blog.so-net.ne.jp,柴犬がいる生活,TRUE
491,http://ichiro-chiba2.blog.so-net.ne.jp,柴犬イチロー日記2,TRUE
492,http://shiba-rocky.blog.so-net.ne.jp,柴犬ロッキーといっしょに。,TRUE
493,http://gloryhosi.blog.so-net.ne.jp,株　FX　初心者の日記,TRUE
494,http://renbajin.blog.so-net.ne.jp,株が大好き,TRUE
495,http://chocolate-love.blog.so-net.ne.jp,株主優待＆懸賞生活、時々育児日記,TRUE
496,http://usiusi.blog.so-net.ne.jp,株式会社　潮田建設,TRUE
497,http://opas10.blog.so-net.ne.jp,棚からぼたもちVisual,TRUE
498,http://pandan56.blog.so-net.ne.jp,楽しみながら毎日生活!!,TRUE
499,http://usa147.blog.so-net.ne.jp,横浜AlfaとBianchiと飲食生活,TRUE
500,http://asthenosphere.blog.so-net.ne.jp,機能の黒板みたび,TRUE
501,http://take-zee.blog.so-net.ne.jp,武爺の絵日記,TRUE
502,http://tomimati.blog.so-net.ne.jp,母ちゃんのつぶやき,TRUE
503,http://mainichikininaru.blog.so-net.ne.jp,毎日、気になる,TRUE
504,http://nohoon-is-good.blog.so-net.ne.jp,毎日がリラックス,TRUE
505,http://nohoon-is-good2.blog.so-net.ne.jp,毎日がリラックス２,TRUE
506,http://lawtray4.blog.so-net.ne.jp,毎日が日曜大工　　ステージ２,TRUE
507,http://lawtray.blog.so-net.ne.jp,毎日が日曜大工　何か楽しいこと探そう！,TRUE
508,http://mainichi-tentekomai.blog.so-net.ne.jp,毎日てんてこまい！,TRUE
509,http://mc485-100.blog.so-net.ne.jp,気がつけば九鉄フェチ,TRUE
510,http://taharas-amami-nara.blog.so-net.ne.jp,気の向くままに-Ⅱ・・・,TRUE
511,http://hutarou.blog.so-net.ne.jp,気の向くままの日干し話,TRUE
512,http://cravit.blog.so-net.ne.jp,気まぐれすいか。,TRUE
513,http://object-oriented.blog.so-net.ne.jp,気ままなオーディオ日記,TRUE
514,http://kimamani-photolife.blog.so-net.ne.jp,気ままにphoto-life,TRUE
515,http://moroq43s.blog.so-net.ne.jp,気ままにフォーサーズ,TRUE
516,http://mizunosato-gakuto.blog.so-net.ne.jp,水郷楽人の塵芥録Ⅱ,TRUE
517,http://tsumuratakumi.blog.so-net.ne.jp,津村巧のブログ（so-net版）,TRUE
518,http://carotte-rend-aimable.blog.so-net.ne.jp,海のむこうはどんなところ？,TRUE
519,http://cruiselove.blog.so-net.ne.jp,海は広いな大きいな,TRUE
520,http://mari-00-mari.blog.so-net.ne.jp,海山の御馳走あれこれ,TRUE
521,http://umihoshi.blog.so-net.ne.jp,海星,TRUE
522,http://kyoto-travelguide.blog.so-net.ne.jp,添乗員おすすめ！京都・関西のご案内と時々雑感,TRUE
523,http://poohsuke.blog.so-net.ne.jp,温泉気まま旅,TRUE
524,http://newmoonsky.blog.so-net.ne.jp,満天の星空,TRUE
525,http://kazu88312.blog.so-net.ne.jp,漂えども沈まず,TRUE
526,http://2516.blog.so-net.ne.jp,無職を目指して、株でがんばる！　～ケ・セラ・セラ～,TRUE
527,http://ztonbaltan.blog.so-net.ne.jp,特撮ファミリー 昭和のヒーローを読む！,TRUE
528,http://ikemen-tenshi.blog.so-net.ne.jp,犬好き主婦の日記２,TRUE
529,http://nomikuji.blog.so-net.ne.jp,犬眉母の子育て日記,TRUE
530,http://kiritampo.blog.so-net.ne.jp,犯罪予備軍のための刑務所マニュアル,TRUE
531,http://pf-t.blog.so-net.ne.jp,独語空笑幻覚妄想伊達酔狂,TRUE
532,http://mima-ohana.blog.so-net.ne.jp,猫とお花と,TRUE
533,http://takechanmanchan.blog.so-net.ne.jp,猫山の猫達,TRUE
534,http://sinnotuyosa.blog.so-net.ne.jp,猫日記,TRUE
535,http://hermitage-lilium.blog.so-net.ne.jp,瑠璃色と櫻色の夢,TRUE
536,http://harunire715.blog.so-net.ne.jp,環 ! ! リース,TRUE
537,http://emerald-heart.blog.so-net.ne.jp,癒やしの可能性,TRUE
538,http://hakushitosyo.blog.so-net.ne.jp,白紙の図書館,TRUE
539,http://yamatotakada.blog.so-net.ne.jp,真・大和高田市ホームページ,TRUE
540,http://shikemokuwosuinagara.blog.so-net.ne.jp,矛盾の矛盾,TRUE
541,http://rokushin.blog.so-net.ne.jp,石原藤樹のブログ（元六号通り診療所所長のブログ）,TRUE
542,http://abe-sr.blog.so-net.ne.jp,社労士・FPのヘロヘロ日記,TRUE
543,http://fukufukufx.blog.so-net.ne.jp,福にゃんのＦＸ大冒険-ドル円専科,TRUE
544,http://taekoparis.blog.so-net.ne.jp,私が行った美術館、レストラン,TRUE
545,http://myfavoritemovie.blog.so-net.ne.jp,私のDVD／BD鑑賞履歴,TRUE
546,http://kouichi3.blog.so-net.ne.jp,私のひとり言,TRUE
547,http://watasino-nikki.blog.so-net.ne.jp,私の日記,TRUE
548,http://lasiku.blog.so-net.ne.jp,私らしく,TRUE
549,http://butsuyoku-seikatsu.blog.so-net.ne.jp,私的物欲生活。,TRUE
550,http://sitekikinnsenntyou.blog.so-net.ne.jp,私的琴線帳,TRUE
551,http://beamuse.blog.so-net.ne.jp,私的遊戯,TRUE
552,http://tokoton-mura-uma.blog.so-net.ne.jp,穴馬一徹・渋川秋治の亜空間予想,TRUE
553,http://sora-no-kazoku2.blog.so-net.ne.jp,空楽（そら）の家族２,TRUE
554,http://okosabo-2.blog.so-net.ne.jp,窓際のTreasure窓辺のFairy-2,TRUE
555,http://tossy1ban.blog.so-net.ne.jp,等身庵の気儘な生き様,TRUE
556,http://ffml.blog.so-net.ne.jp,箱庭,TRUE
557,http://yuuminngahaha.blog.so-net.ne.jp,終わりあれば始まりあり,TRUE
558,http://hananeko.blog.so-net.ne.jp,Ta - Kame House,TRUE
559,http://yuna-k.blog.so-net.ne.jp,続・Emi Clockは、どうなったの？,TRUE
560,http://tsukemen.blog.so-net.ne.jp,綱渡り人生,TRUE
561,http://webtarou.blog.so-net.ne.jp,綺麗なもの見つけた（街角探検隊）,TRUE
562,http://ein-reisender.blog.so-net.ne.jp,美と音楽と安らぎと・・・３　,TRUE
563,http://omoshiro1182.blog.so-net.ne.jp,美邑のたわごと,TRUE
564,http://okina-02.blog.so-net.ne.jp,翁の散歩日記－2015～,TRUE
565,http://jinchoge2.blog.so-net.ne.jp,老いのつぶやき２,TRUE
566,http://collin2007.blog.so-net.ne.jp,耳と、音と、それからなんだっけ？,TRUE
567,http://shizen-kansatsu.blog.so-net.ne.jp,自然から学ぶ,TRUE
568,http://runningriver.blog.so-net.ne.jp,自転車Trekker,TRUE
569,http://azumino-kaku.blog.so-net.ne.jp,自転車、音楽、山、異文化・・たまにはお勉強,TRUE
570,http://derufyi-iyfured.blog.so-net.ne.jp,舞い舞い蝶々,TRUE
571,http://tama-ob-houkoku.blog.so-net.ne.jp,花とちょっぴり美味しいお酒のある生活,TRUE
572,http://yamadorigumi.blog.so-net.ne.jp,花鳥風月～　やまさん　口笛吹いてるよ♪,TRUE
573,http://toyosantoyosan.blog.so-net.ne.jp,花鳥風月の俳句,TRUE
574,http://saendon.blog.so-net.ne.jp,茶苑呑デジカメ散歩,TRUE
575,http://tithan3mik725.blog.so-net.ne.jp,草花散歩３,TRUE
576,http://chinchiko.blog.so-net.ne.jp,落合道人　Ochiai-Dojin,TRUE
577,http://mikawanokami.blog.so-net.ne.jp,蔓草,TRUE
578,http://barasyoujo.blog.so-net.ne.jp,薔薇少女,TRUE
579,http://do32.blog.so-net.ne.jp,&quot;裏&quot;気がつけば九鉄フェチ,TRUE
580,http://yuuyuusuisai.blog.so-net.ne.jp,裕々水彩帳,TRUE
581,http://101sunny-side-up.blog.so-net.ne.jp,西新井は洋書の名所？,TRUE
582,http://knyku.blog.so-net.ne.jp,西湘の風,TRUE
583,http://silentsilent.blog.so-net.ne.jp,言葉に恋して　温故知新。,TRUE
584,http://smartinfo.blog.so-net.ne.jp,記になるつぶやき,TRUE
585,http://bookreader.blog.so-net.ne.jp,読 書 感 動 文,TRUE
586,http://sanukibito.blog.so-net.ne.jp,讃岐人日記,TRUE
587,http://moekaznano.blog.so-net.ne.jp,負け犬の雄叫び！,TRUE
588,http://sugomono.blog.so-net.ne.jp,買って使って感想ブログ　スゴモノ,TRUE
589,http://e-money.blog.so-net.ne.jp,賢く　楽しく　欲張りな　マネーライフ,TRUE
590,http://semi53.blog.so-net.ne.jp,趣くままに,TRUE
591,http://braveman.blog.so-net.ne.jp,運命は勇者に微笑む,TRUE
592,http://kashimiya.blog.so-net.ne.jp,部屋においでよ,TRUE
593,http://nousagi.blog.so-net.ne.jp,野うさぎのティータイム,TRUE
594,http://junnjii2.blog.so-net.ne.jp,野鳥　ひとりごと。,TRUE
595,http://ff-kobayan.blog.so-net.ne.jp,釣りキチ、コバヤン奮闘記（ブログ編）,TRUE
596,http://gu-tara-animator.blog.so-net.ne.jp,釣り好きanimatorの農園日記！？,TRUE
597,http://tetsuwangenshi.blog.so-net.ne.jp,鉄腕原子の考え方－株式日記,TRUE
598,http://rene-tennis.blog.so-net.ne.jp,閑中忙有,TRUE
599,http://shanghai-taichou.blog.so-net.ne.jp,隊長のブログ,TRUE
600,http://zatujiwotomoni.blog.so-net.ne.jp,雑事を友に,TRUE
601,http://nyanko-kotetsu.blog.so-net.ne.jp,雨降りとラジオの日々,TRUE
602,http://joun.blog.so-net.ne.jp,雲が流れる如く,TRUE
603,http://monogusaojisan.blog.so-net.ne.jp,ものぐさおじさんの備忘録,TRUE
604,http://umi-sora-taiyou.blog.so-net.ne.jp,青い海と空　そして太陽と,TRUE
605,http://murai-kazuhiko.blog.so-net.ne.jp,ファインダーの中の私景空間,TRUE
606,http://skycatskycat2008a.blog.so-net.ne.jp,青空と緑の下で,TRUE
607,http://buongiorno3.blog.so-net.ne.jp,音と画像で綴るブログはいかがすか。,TRUE
608,http://sec.blog.so-net.ne.jp,音と色彩のあいだ,TRUE
609,http://okkoclassical.blog.so-net.ne.jp,音楽とともに,TRUE
610,http://black-hibiki.blog.so-net.ne.jp,響は今日も道の上,TRUE
611,http://nusa-wald.blog.so-net.ne.jp,頑張れ　自分と3代目　o(・∀・)O,TRUE
612,http://kazenifukarete-2.blog.so-net.ne.jp,風にふかれて-2,TRUE
613,http://kano-rin.blog.so-net.ne.jp,風に誘われて,TRUE
614,http://ja6nqo.blog.so-net.ne.jp,風のふくおか,TRUE
615,http://091125annaka.blog.so-net.ne.jp,風の丘便り,TRUE
616,http://zza700.blog.so-net.ne.jp,風流韻事,TRUE
617,http://hirometai.blog.so-net.ne.jp,馬橋ご近所付き合い広目隊ブログ,TRUE
618,http://nobu-3.blog.so-net.ne.jp,駄洒落が世界を救う?,TRUE
619,http://inkopikipiki.blog.so-net.ne.jp,鳥どりな日常,TRUE
620,http://yamagara22.blog.so-net.ne.jp,鳥見ノート,TRUE
621,http://mimizuku3379.blog.so-net.ne.jp,鶏肋日誌,TRUE
622,http://pentaro31.blog.so-net.ne.jp,麺そーれAランチ ②,TRUE
623,http://mari-mari.blog.so-net.ne.jp,麻里圭子 オフィシャル ブログ,TRUE
624,http://jun3519.blog.so-net.ne.jp,黒く光る石と黒く動く虫,TRUE
625,http://sotomo.blog.so-net.ne.jp,黒川智花ちゃん応援ブログ,TRUE
626,http://sal1v2.blog.so-net.ne.jp,（２杯目）しろたま　さる1号の蕎麦と甘味の探求記録,TRUE
627,http://77penguin-sheep.blog.so-net.ne.jp,（*＾ｏ＾*）　ままのひとりごと　♪　3rd,TRUE
628,http://cafemn2010-3.blog.so-net.ne.jp,＊ピカチュウ＊です♪♪,TRUE
629,http://tiare-tiare-tiare.blog.so-net.ne.jp,＊旅の記憶＊,TRUE
630,http://choco724.blog.so-net.ne.jp,３度のメシよりチョコレート,TRUE
631,http://pinky-momo.blog.so-net.ne.jp,ＢＬ萌えな本,TRUE
632,http://claire0122.blog.so-net.ne.jp,ＣＬＥＡの日常‐韓ドラ大好き子育てママ,TRUE
633,http://white-diamond.blog.so-net.ne.jp,Ｈｏｎｅｙｌｅｅｎ ☆,TRUE
634,http://ikaia.blog.so-net.ne.jp,Ｋ＆Ｔ企画の部屋（ブログ版）,TRUE
635,http://lunablog.blog.so-net.ne.jp,ＬｕｎａＢｌｏｇ,TRUE
636,http://tre3kk.blog.so-net.ne.jp,ｍｙPCスペース,TRUE
637,http://youji.blog.so-net.ne.jp,Ｙｏｕｊｉの平々凡々,TRUE
638,http://caprice.blog.so-net.ne.jp,～Caprice～,TRUE
639,http://encounters.blog.so-net.ne.jp,～encounter @ ドラマチックカメラ,TRUE
