640,http://uwagoto-soragoto.blog.so-net.ne.jp/,ごま大福＠まろ,0,　
641,http://sora-no-kazoku2.blog.so-net.ne.jp/,空楽,,
642,http://nitaniyurie.blog.so-net.ne.jp/,二谷友里恵,,
643,http://yamagara22.blog.so-net.ne.jp/,yamagara22,,
644,http://marumi375.blog.so-net.ne.jp/,まるみ,,
645,http://suigin.blog.so-net.ne.jp/,水銀,,
646,http://kiichan2-tabiji.blog.so-net.ne.jp/,きーちゃん2,,
647,http://ksakamo.blog.so-net.ne.jp/,ksakamo,,
648,http://izakaya-keiba.blog.so-net.ne.jp/,ちょいのり,,
649,http://dj-kannon.blog.so-net.ne.jp/,kanonwafuwafu,,
650,http://chocolate-love.blog.so-net.ne.jp/,まお,,
651,http://chip-dale-shimarisu.blog.so-net.ne.jp/,シマリス,,
652,http://mc485-100.blog.so-net.ne.jp/,schnitzer,,
653,http://robotic-person.blog.so-net.ne.jp/,robotic-person,,
654,http://p-tech.blog.so-net.ne.jp/,KAN,,
655,http://eparu-world.blog.so-net.ne.jp/,u_yasu,,
656,http://kotori-cafe.blog.so-net.ne.jp/,うさこ,,
657,http://bottega-fatafioretta.blog.so-net.ne.jp/,fatafi,,
658,http://batebate2.blog.so-net.ne.jp/,たかぼん,,
659,http://g-nya.blog.so-net.ne.jp/,ウィのニャ,,
660,http://naoazucar.blog.so-net.ne.jp/,naonao,,
661,http://cookiegarden.blog.so-net.ne.jp/,cookie,,
662,http://wanwanannie.blog.so-net.ne.jp/,エンジェル,,
663,http://rifle.blog.so-net.ne.jp/,Rifle,,
664,http://kimamani-photolife.blog.so-net.ne.jp/,kick_drive,,
665,http://cocoa3shimo33.blog.so-net.ne.jp/,S北斗,,
666,http://kinki-iro.blog.so-net.ne.jp/,すもも,,
667,http://jibunngamikata.blog.so-net.ne.jp/,朱美,,
668,http://hermitage-rosa.blog.so-net.ne.jp/,miyoko,,
669,http://hachintosh.blog.so-net.ne.jp/,hash,,
670,http://center--idogaya.blog.so-net.ne.jp/,mo_co,,
671,http://tentennikki-2.blog.so-net.ne.jp/,てんてん,,
672,http://fuyublog.blog.so-net.ne.jp/,fuyu,,
673,http://miyazaki-hogushiya-m.blog.so-net.ne.jp/,宮崎ほぐし屋,,
674,http://wakame-ya-hirochan.blog.so-net.ne.jp/,ひろちゃん,,
675,http://tiare-tiare-tiare.blog.so-net.ne.jp/,SWEET,,
676,http://caprice.blog.so-net.ne.jp/,ぶーけ,,
677,http://100percent-cotton.blog.so-net.ne.jp/,ken6966,,
678,http://take-zee.blog.so-net.ne.jp/,Take-Zee,,
679,http://saikyouhome.blog.so-net.ne.jp/,K,,
680,http://cyokokunn.blog.so-net.ne.jp/,cyoko1112,,
681,http://wattana.blog.so-net.ne.jp/,wattana,,
682,http://photo-memory.blog.so-net.ne.jp/,らる,,
683,http://iko4wd.blog.so-net.ne.jp/,iko4wd,,
684,http://skellington.blog.so-net.ne.jp/,Minky,,
685,http://kissarmy1984.blog.so-net.ne.jp/,Paul,,
686,http://yagumo-camera.blog.so-net.ne.jp/,shige,,
687,http://okku-blog-kimama.blog.so-net.ne.jp/,おっくー,,
688,http://77penguin-sheep.blog.so-net.ne.jp/,nanamama,,
689,http://heroarts.blog.so-net.ne.jp/,heroarts,,
690,http://ironbridge-uk.blog.so-net.ne.jp/,ironbridge,,
691,http://gen-vol3.blog.so-net.ne.jp/,gen,,
692,http://koco23.blog.so-net.ne.jp/,Koco,,
693,http://tau3.blog.so-net.ne.jp/,ロゼ,,
694,http://ztonbaltan.blog.so-net.ne.jp/,レインボーゴブリンズ,,
695,http://abiworld73.blog.so-net.ne.jp/,ws224847,,
696,http://jazzchatnet.blog.so-net.ne.jp/,すーさん,,
697,http://musashi.blog.so-net.ne.jp/,ムサシママ,,
698,http://momo0529.blog.so-net.ne.jp/,emi,,
699,http://ennka-karaoke.blog.so-net.ne.jp/,ennkakasyu,,
700,http://okkoclassical.blog.so-net.ne.jp/,伊閣蝶,,
701,http://ishim3.blog.so-net.ne.jp/,イシム,,
702,http://cazz99.blog.so-net.ne.jp/,Cazz,,
703,http://shibatetsu.blog.so-net.ne.jp/,芝浦鉄親父,,
704,http://white-diamond.blog.so-net.ne.jp/,ゆな☆,,
705,http://gan-blackpenguin5.blog.so-net.ne.jp/,Ganchan,,
706,http://tomo-all.blog.so-net.ne.jp/,とも?る,,
707,http://manamona.blog.so-net.ne.jp/,mayu,,
708,http://mupyonko.blog.so-net.ne.jp/,むうぴょんこ,,
709,http://shizukanakurashi.blog.so-net.ne.jp/,karen,,
710,http://takaranoumi.blog.so-net.ne.jp/,takaranoumi,,
711,http://taro-u-taro.blog.so-net.ne.jp/,taro-u,,
712,http://beach-party.blog.so-net.ne.jp/,yuppie,,
713,http://kimugoq.blog.so-net.ne.jp/,だいだらぼっち,,
714,http://shimipan.blog.so-net.ne.jp/,淳司,,
715,http://pastel-room.blog.so-net.ne.jp/,pastel,,
716,http://boo-choco-boo.blog.so-net.ne.jp/,boo,,
717,http://satohksm.blog.so-net.ne.jp/,satohk,,
718,http://marutaro.blog.so-net.ne.jp/,まるたろう,,
719,http://kuon-3.blog.so-net.ne.jp/,久遠,,
720,http://furitani.blog.so-net.ne.jp/,furitann,,
721,http://r1200gs2.blog.so-net.ne.jp/,たくや,,
722,http://i-su.blog.so-net.ne.jp/,NICOパパ,,
723,http://pito-kapi.blog.so-net.ne.jp/,pito-kapi,,
724,http://silk-a.blog.so-net.ne.jp/,a-silk,,
725,http://koncyanobento.blog.so-net.ne.jp/,まる,,
726,http://ooshima-chiyouin.blog.so-net.ne.jp/,宮崎大島治療院,,
727,http://bonsan-memory.blog.so-net.ne.jp/,ぼんさん,,
728,http://collin2007.blog.so-net.ne.jp/,collin,,
729,http://yukemuri-shikisai.blog.so-net.ne.jp/,温泉ソムリエ　ガラパン,,
730,http://haruka-papa.blog.so-net.ne.jp/,Cub_356,,
731,http://sr-office-machida01.blog.so-net.ne.jp/,まっちゃん,,
732,http://sal1v2.blog.so-net.ne.jp/,さる１号,,
733,http://nanda-kore310.blog.so-net.ne.jp/,promethe,,
734,http://hoshinofune.blog.so-net.ne.jp/,hoshinofune,,
735,http://ougon-no-hibi.blog.so-net.ne.jp/,おだにゃんこ,,
736,http://showgames.blog.so-net.ne.jp/,しょう,,
737,http://pentaro31.blog.so-net.ne.jp/,aidesu,,
738,http://tanjun5963.blog.so-net.ne.jp/,チャレンジャー,,
739,http://gu-tara-animator.blog.so-net.ne.jp/,haru,,
740,http://fuuten3.blog.so-net.ne.jp/,弁慶,,
741,http://yk-photo.blog.so-net.ne.jp/,ＹＫ０４５,,
742,http://kaoruko-124.blog.so-net.ne.jp/,kaoruko,,
743,http://nissken.blog.so-net.ne.jp/,にすけん,,
744,http://ose2.blog.so-net.ne.jp/,墨田オンブズマン,,
745,http://tenpoint777.blog.so-net.ne.jp/,てんぽいんと,,
746,http://onlyonepositionfx.blog.so-net.ne.jp/,Moon,,
747,http://ksj.blog.so-net.ne.jp/,無一物中無尽蔵,,
748,http://kfuruta.blog.so-net.ne.jp/,せとっこ,,
749,http://siroari.blog.so-net.ne.jp/,toyo,,
750,http://pinkylabyrinth.blog.so-net.ne.jp/,Labyrinth,,
751,http://yamatonosuke.blog.so-net.ne.jp/,yamatonosuke,,
752,http://acquanaturale.blog.so-net.ne.jp/,ちぇる,,
753,http://cote-dazur.blog.so-net.ne.jp/,ciel-bleu-fonce,,
754,http://show-kera.blog.so-net.ne.jp/,ＮＴ,,
755,http://debdylan0605.blog.so-net.ne.jp/,DEBDYLAN,,
756,http://dakudaku575.blog.so-net.ne.jp/,粋田化石,,
757,http://buc575plus.blog.so-net.ne.jp/,ak1-buc,,
758,http://it-manual.blog.so-net.ne.jp/,syorotoru,,
759,http://sasorimodoki-riv.blog.so-net.ne.jp/,sasorimodoki,,
760,http://takasan-tekitou.blog.so-net.ne.jp/,たあさん,,
761,http://dejavu12.blog.so-net.ne.jp/,kinaco,,
762,http://tozyee.blog.so-net.ne.jp/,ゆめ乃,,
763,http://kiyokiyo48.blog.so-net.ne.jp/,kiyokiyo48,,
764,http://aoihoshinokuma.blog.so-net.ne.jp/,うっかりくま,,
765,http://vol1024.blog.so-net.ne.jp/,VOL,,
766,http://smartinfo.blog.so-net.ne.jp/,司馬亮,,
767,http://gaku-mizumaru.blog.so-net.ne.jp/,水円　岳,,
768,http://younosuke-music-bank.blog.so-net.ne.jp/,ゆうのすけ,,
769,http://biwa-moriyoko.blog.so-net.ne.jp/,moriyoko,,
770,http://pointo-saito-kodukai.blog.so-net.ne.jp/,フミター,,
771,http://madtp1.blog.so-net.ne.jp/,とまと,,
772,http://ja-kou66-blog.blog.so-net.ne.jp/,Ja-Kou66,,
773,http://dewdorop.blog.so-net.ne.jp/,まお,,
774,http://okkun.blog.so-net.ne.jp/,okkun,,
775,http://tai-yama-part2.blog.so-net.ne.jp/,tai-yama,,
776,http://tokyoride.blog.so-net.ne.jp/,大和,,
777,http://sky-snow-picture.blog.so-net.ne.jp/,snow,,
778,http://go-go-ikkansei.blog.so-net.ne.jp/,Optimus,,
779,http://murai-kazuhiko.blog.so-net.ne.jp/,かずい,,
780,http://rilachan.blog.so-net.ne.jp/,pon,,
781,http://mizukisaquastyle.blog.so-net.ne.jp/,みずき,,
782,http://leesblog.blog.so-net.ne.jp/,Lee,,
783,http://ufo-flatfield.blog.so-net.ne.jp/,Flatfield,,
784,http://rei-tare-pan.blog.so-net.ne.jp/,re-ichi,,
785,http://saru-3rd.blog.so-net.ne.jp/,saru,,
786,http://shumimin.blog.so-net.ne.jp/,shumimin,,
787,http://kovch.blog.so-net.ne.jp/,KOVCH,,
788,http://maru-ko2009.blog.so-net.ne.jp/,まるこ,,
789,http://ika-mimichan.blog.so-net.ne.jp/,美美,,
