"id";"url";"title";"active_flg";"remarks"
1;"http://utuwa-kobako.blog.so-net.ne.jp";"- kobako blog -";0;""
2;"http://tai-yama-part2.blog.so-net.ne.jp";"10万km超えたZ、第二章";0;""
3;"http://onemore01.blog.so-net.ne.jp";"1/144ヒコーキ工房";0;""
4;"http://qk32.blog.so-net.ne.jp";"1973年1月23日生・独身・さぁどうする!?";0;""
5;"http://maosanchan.blog.so-net.ne.jp";"2わんとのんびり";0;""
6;"http://to-mu.blog.so-net.ne.jp";"a domani";0;""
7;"http://momo0529.blog.so-net.ne.jp";"aby's cafe";0;""
8;"http://aki-web-site.blog.so-net.ne.jp";"AKI-WEB-SITE 漫画・日記・写真を公開中";0;""
9;"http://andante-kyon2.blog.so-net.ne.jp";"Andante Ⅱ";0;""
10;"http://bybycycle.blog.so-net.ne.jp";"BD-1と写真と";0;""
11;"http://sunshower21.blog.so-net.ne.jp";"Benyの菜園";0;""
12;"http://bit-diary.blog.so-net.ne.jp";"bit日記";0;""
13;"http://gan-blackpenguin5.blog.so-net.ne.jp";"blackpenguin's bar";2;""
14;"http://yasai-88.blog.so-net.ne.jp";"BLOG SITE　HighWay Star";0;""
15;"http://code-a.blog.so-net.ne.jp";"blog:code-a";0;""
16;"http://naorin2-274.blog.so-net.ne.jp";"Blue SplashⅢ";0;""
17;"http://aquabbbb.blog.so-net.ne.jp";"B型アクエリアスⅣ";0;""
18;"http://monaco-life.blog.so-net.ne.jp";"B型ママの子育て日記";0;""
19;"http://cookiegarden.blog.so-net.ne.jp";"cookie's garden";0;""
20;"http://coolandjazzy.blog.so-net.ne.jp";"cool & jazzy";0;""
21;"http://pontiac.blog.so-net.ne.jp";"D60つれてこ !";0;""
22;"http://dankai-gener.blog.so-net.ne.jp";"DANKAI身辺雑記";0;""
23;"http://sonicmaizuru.blog.so-net.ne.jp";"e-sony shop ソニックマイヅルのブログ";0;""
24;"http://wine-montrachet.blog.so-net.ne.jp";"EdenhallとSuperFlyers";0;""
25;"http://emiclock.blog.so-net.ne.jp";"Emi Clockは、どうなったの？";2;""
26;"http://e-flower.blog.so-net.ne.jp";"Erena flower（エレナフラワー)";0;""
27;"http://fareastcafe.blog.so-net.ne.jp";"FarNorthCafe";0;""
28;"http://donna2.blog.so-net.ne.jp";"Francis's Photolog-2";0;""
29;"http://to-ru.blog.so-net.ne.jp";"Free Flight";0;""
30;"http://gokigensan-pictures4.blog.so-net.ne.jp";"Gokigensan-Pictures4";0;""
31;"http://robin2826.blog.so-net.ne.jp";"Green's log";0;""
32;"http://hana2009-5.blog.so-net.ne.jp";"hana blog";0;""
33;"http://maeast0712.blog.so-net.ne.jp";"*Happy Lucky Smile Days*";0;""
34;"http://hieroh66.blog.so-net.ne.jp";"hierohフォトルーム";0;""
35;"http://k-isaragi.blog.so-net.ne.jp";"himawari turedureni";0;""
36;"http://photodiary-hiro.blog.so-net.ne.jp";"Hiroshi's photo collection";0;""
37;"http://showgames.blog.so-net.ne.jp";"IT系町工場を目指せ！";0;""
38;"http://jazzchatnet.blog.so-net.ne.jp";"jazzchat.jp";1;"#main > div.articles > h2 > a:nth-child(2)
//*[@id=""main""]/div[2]/h2/a[2]"
39;"http://jixji.blog.so-net.ne.jp";"JIJI's Photo Gallery";0;""
40;"http://hamamatu-tetu.blog.so-net.ne.jp";"JR浜松鉄道Offical Page　浜鉄Blog";0;""
41;"http://justice-u3.blog.so-net.ne.jp";"Justice !";0;""
42;"http://kaji-mulberrysurf.blog.so-net.ne.jp";"kajiブログサーフィンライフ/千葉県南房総/和田町";0;""
43;"http://kazu-kun-no.blog.so-net.ne.jp";"kazu-kun2626の写真日記";0;""
44;"http://kiki-kiki-kiki.blog.so-net.ne.jp";"kikiのいろいろ";0;""
45;"http://kimagurekoubou.blog.so-net.ne.jp";"KIMAGURE工房のブログ";0;""
46;"http://kinkin-everyday.blog.so-net.ne.jp";"kinkinの日常録";0;""
47;"http://kinki-iro.blog.so-net.ne.jp";"KinKi色暗号";0;""
48;"http://kiyo2011.blog.so-net.ne.jp";"Kiyo's blog 2011";0;""
49;"http://koco23.blog.so-net.ne.jp";"Koco's Diary";0;""
50;"http://komin.blog.so-net.ne.jp";"Komin's Photo Blog";0;""
51;"http://kosa-p2.blog.so-net.ne.jp";"kosa-pのにっき";0;""
52;"http://kotori-cafe.blog.so-net.ne.jp";"kotori cafe";0;""
53;"http://ksgarden.blog.so-net.ne.jp";"K's garden";0;""
54;"http://ks-photo2.blog.so-net.ne.jp";"K's Photo (Part2)";0;""
55;"http://kunkunbear.blog.so-net.ne.jp";"Kun-Kun*BEAR のテディベア";0;""
56;"http://googoogoonco.blog.so-net.ne.jp";"La Boh?me**";0;""
57;"http://2012-ano-hana-2013.blog.so-net.ne.jp";"Laboratorio de WAKAEDE";0;""
58;"http://len44.blog.so-net.ne.jp";"Len's Diary";0;""
59;"http://shootingstar-chiharu.blog.so-net.ne.jp";"Let's しっちゃかめっちゃか！！";0;""
60;"http://darksazaby.blog.so-net.ne.jp";"Light River";0;""
61;"http://emix-handmade-life.blog.so-net.ne.jp";"LOVE☆HandMade♪";0;""
62;"http://magnificent18.blog.so-net.ne.jp";"magnificent18";0;""
63;"http://aikencocoprinissi.blog.so-net.ne.jp";"makkunの犬ばか日誌 (^^ Vol.2";0;""
64;"http://mamii.blog.so-net.ne.jp";"Mamii の雑記帳";0;""
65;"http://sugarsugar.blog.so-net.ne.jp";"mayumayu Blog";0;""
66;"http://fumi-kuwachan.blog.so-net.ne.jp";"memoranda";0;""
67;"http://skellington.blog.so-net.ne.jp";"Minkyのよもやま日記";0;""
68;"http://miyappp.blog.so-net.ne.jp";"miyappp time";0;""
69;"http://moony-flight.blog.so-net.ne.jp";"Moony Flight";0;""
70;"http://hachintosh.blog.so-net.ne.jp";"Movies 1-800";0;""
71;"http://music-news-jp.blog.so-net.ne.jp";"Music news jp";0;""
72;"http://nanobeya.blog.so-net.ne.jp";"nanoblock room";0;""
73;"http://new-2-newton.blog.so-net.ne.jp";"newtonの独り言2";0;""
74;"http://c-yukky.blog.so-net.ne.jp";"Now & Then";0;""
75;"http://tkhr2.blog.so-net.ne.jp";"One by One 2";0;""
76;"http://pandango.blog.so-net.ne.jp";"Pandango!!";0;""
77;"http://kometotaiyou.blog.so-net.ne.jp";"Photo Message Board－ブログ版－";0;""
78;"http://nabinabi.blog.so-net.ne.jp";"Photo －Freedom－";0;""
79;"http://paddies.blog.so-net.ne.jp";"Plow the paddy.";0;""
80;"http://juristfootball.blog.so-net.ne.jp";"Positive Logical Creative";0;""
81;"http://eternal-pet.blog.so-net.ne.jp";"PRAYER ～永遠なるペット～";0;""
82;"http://ps3kanriki.blog.so-net.ne.jp";"PS3プレイ記録！？";0;""
83;"http://puripuri.blog.so-net.ne.jp";"puripuri";0;""
84;"http://shimipan.blog.so-net.ne.jp";"Q&Tカフェ　パン職人の上海生活 Q&T Cafe";0;""
85;"http://right-light.blog.so-net.ne.jp";"Que Sera Sera";0;""
86;"http://happy-time-quilt.blog.so-net.ne.jp";"Quilt Time";0;""
87;"http://r1200gs2.blog.so-net.ne.jp";"R1200GS LC の日常";0;""
88;"http://sclracwlog.blog.so-net.ne.jp";"Raccoon's weblog";0;""
89;"http://mari-00-mari.blog.so-net.ne.jp";"海山の御馳走あれこれ";0;""
90;"http://re-try.blog.so-net.ne.jp";"Re-Try";0;""
91;"http://rinhh.blog.so-net.ne.jp";"RIN HH BLOG";0;""
92;"http://robertcole.blog.so-net.ne.jp";"Roberts Eye";2;""
93;"http://rongo-rongo.blog.so-net.ne.jp";"Rongo-Rongo";0;""
94;"http://saru-3rd.blog.so-net.ne.jp";"sarus blog";0;""
95;"http://boom.blog.so-net.ne.jp";"satomiの『ゲーム★日記』";0;""
96;"http://scenery-in-idlenesss.blog.so-net.ne.jp";"scenery-in-idleness";0;""
97;"http://ok-rock.blog.so-net.ne.jp";"Second Foundation";0;""
98;"http://yagumo-camera.blog.so-net.ne.jp";"shigeのつぶやき日記";0;""
99;"http://cheriojp.blog.so-net.ne.jp";"SIGMA DPシリーズを持って 出かけよう";0;""
100;"http://silverag.blog.so-net.ne.jp";"◎　Silver Ag　◎";0;""
101;"http://soulfreak.blog.so-net.ne.jp";"SMALL TALK by SOUL FREAK";0;""
102;"http://create2014.blog.so-net.ne.jp";"So-net ヴログで楽しい日々を";0;""
103;"http://tantanpopo.blog.so-net.ne.jp";"SONYSHOP SEIWA 仕事日記";0;""
104;"http://sunny-kao12.blog.so-net.ne.jp";"Sunny Days";0;""
105;"http://kame-takayoshi.blog.so-net.ne.jp";"Ta - Kame House";0;""
106;"http://takasan-tekitou.blog.so-net.ne.jp";"ta kaさんはまじめに適当なんです。";0;""
107;"http://tbm.blog.so-net.ne.jp";"TBMの趣味三昧";0;""
108;"http://temporary-pleasures.blog.so-net.ne.jp";"Temporary pleasures";0;""
109;"http://comfortable-sense.blog.so-net.ne.jp";"The Comfortable Comfort";0;""
110;"http://debdylan0605.blog.so-net.ne.jp";"THE ROLLING THUNDER REVUE";0;""
111;"http://tksfile04.blog.so-net.ne.jp";"TKS File04";0;""
112;"http://toka102-godaime.blog.so-net.ne.jp";"TOKA102、音楽作りのブログ";0;""
113;"http://tokyoride.blog.so-net.ne.jp";"TokyoRide";0;""
114;"http://ufo-flatfield.blog.so-net.ne.jp";"UFO on the Flatfield";0;""
115;"http://viviane-a.blog.so-net.ne.jp";"Viviane's Information";0;""
116;"http://wordrobe.blog.so-net.ne.jp";"Wardrobeの宝物";0;""
117;"http://e97h0017.blog.so-net.ne.jp";"WEBLOG：e97h0017";0;""
118;"http://yachitake.blog.so-net.ne.jp";"Yachi-Homeかみさんに見つからないように";0;""
119;"http://yyyyyyy.blog.so-net.ne.jp";"yamachan";0;""
120;"http://yohyo.blog.so-net.ne.jp";"yohyo大好き！";0;""
121;"http://yubarimelon.blog.so-net.ne.jp";"Yubarimelonの気ままな歴史散歩";0;""
122;"http://07-yutaji.blog.so-net.ne.jp";"YUTAじいの何でも製作記";0;""
123;"http://fuuten3.blog.so-net.ne.jp";"Ⅲ - たんぶるうぃーど";0;""
124;"http://bleat26.blog.so-net.ne.jp";"■フぅ～ヂこちゃ～ん■";0;""
125;"http://gottani-1953.blog.so-net.ne.jp";"◆ 道楽・・・ごった煮 ◆";0;""
126;"http://xml-xsl.blog.so-net.ne.jp";"◇JavaScript DHTML XML CSS";0;""
127;"http://qoo2qoo.blog.so-net.ne.jp";"◇気まぐれブログ◇";0;""
128;"http://dj-kannon.blog.so-net.ne.jp";"☆DJ Kannon☆１日１ＤＪ";0;""
129;"http://achami-love.blog.so-net.ne.jp";"☆☆うみのAIBO☆☆";0;""
130;"http://hiyokogumo-kotomu.blog.so-net.ne.jp";"☆☆まめ☆マメ☆ｍａｍｅ☆☆";0;""
131;"http://nahanaha.blog.so-net.ne.jp";"☆毎日がハピネス☆";0;""
132;"http://charuko-no-nikki.blog.so-net.ne.jp";"☆脱☆ぐうたら生活";0;""
133;"http://rimabasu.blog.so-net.ne.jp";"「りまバス！」の部屋";2;""
134;"http://lovelyclay.blog.so-net.ne.jp";"「ホイップ・クレイ」の可愛い~手作り粘土雑貨";0;""
135;"http://ponn1351.blog.so-net.ne.jp";"「喜寿＋１才となりました」";0;""
136;"http://fcm3.blog.so-net.ne.jp";"「時計仕掛けの昭和館」喫茶室";0;""
137;"http://kurama640203.blog.so-net.ne.jp";"「父子手帳」代表取締役主夫でした";0;""
138;"http://nao-chan.blog.so-net.ne.jp";"「直chan」ＷＯＲＬＤ";0;""
139;"http://wattana.blog.so-net.ne.jp";"「行ってきました」シリーズ";0;""
140;"http://shimonoseki.blog.so-net.ne.jp";"『関工健児』誇りあれ！　下関トレンド最新ニュース";0;""
141;"http://ao-take.blog.so-net.ne.jp";"あおたけ　撮影記";0;""
142;"http://bu-taro.blog.so-net.ne.jp";"あたふたどたばた雑多な日々";0;""
143;"http://t0n1kakuhaj1mey0u.blog.so-net.ne.jp";"あとりえＳＡＫＡＮＡのブログ";0;""
144;"http://mirai-cure2.blog.so-net.ne.jp";"あなたにBon Voyage! Ver.通";0;""
145;"http://tvshowtime.blog.so-net.ne.jp";"あの人に聞いたろっと";0;""
146;"http://terablogarisa.blog.so-net.ne.jp";"ありさ日記ヾ(＠＾∇＾＠)ノ";0;""
147;"http://sasorimodoki-riv.blog.so-net.ne.jp";"あるふぁすぴん";0;""
148;"http://aloha-moana.blog.so-net.ne.jp";"いたずら“もあな”とマミーの日記";0;""
149;"http://lotus-europa.blog.so-net.ne.jp";"いつまで続く？英国車オーナー記";0;""
150;"http://rinmeipoko.blog.so-net.ne.jp";"いつも一緒、ず～っと一緒♪";0;""
151;"http://ya42853.blog.so-net.ne.jp";"いま　ここ　浜松";0;""
152;"http://oyoyo-chan.blog.so-net.ne.jp";"いんこ　ぴ-ぴっぴの毎日♪";0;""
153;"http://sakanouehe.blog.so-net.ne.jp";"うぉーきんぐ　はなちゃん";0;""
154;"http://usaginoharusan.blog.so-net.ne.jp";"うさぎのはるさん 何見て跳ねる？";0;""
155;"http://uroko.blog.so-net.ne.jp";"うろこ　";0;""
156;"http://uwagoto-soragoto.blog.so-net.ne.jp";"うわごとたわごとそらごと絵日記";0;""
157;"http://love123.blog.so-net.ne.jp";"おいしい生活";0;""
158;"http://ohjiro.blog.so-net.ne.jp";"おぉ！次郎ブログ";0;""
159;"http://oton-1gou.blog.so-net.ne.jp";"おとんすぎる";0;""
160;"http://kiyokiyo48.blog.so-net.ne.jp";"お気に入りの音楽etc";0;""
161;"http://77me.blog.so-net.ne.jp";"お気楽かーさん";0;""
162;"http://mry311.blog.so-net.ne.jp";"お菓子大好き！お菓子日記";0;""
163;"http://minneko.blog.so-net.ne.jp";"お釈迦さまの“本当”に教えたかったこと";0;""
164;"http://cazz99.blog.so-net.ne.jp";"かぱまんKAPAMAN";0;""
165;"http://kame-zou2.blog.so-net.ne.jp";"かめぞうのさんぽ２";0;""
166;"http://fp-senjya.blog.so-net.ne.jp";"かんばら☆さとみの「おもてなし日記」";0;""
167;"http://hassey-hassey110104.blog.so-net.ne.jp";"がんばれ！おやじ(^_^)v";0;""
168;"http://kinokochan-enikki.blog.so-net.ne.jp";"きのこちゃん絵日記";0;""
169;"http://younosuke-music-bank.blog.so-net.ne.jp";"きまぐれ　ＭＵＳＩＣ－ＢＡＮＫ☆彡";0;""
170;"http://gudagudagekki.blog.so-net.ne.jp";"ぐだぐだ月記";1;"#myblog-nice-delete-owner-area > input
//*[@id=""myblog-nice-delete-owner-area""]/input"
171;"http://gaku-mizumaru.blog.so-net.ne.jp";"ぐりーんふぃんがーずくらぶ日誌";0;""
172;"http://makoccino.blog.so-net.ne.jp";"ぐるぐるらいふ";0;""
173;"http://kakikakikaki.blog.so-net.ne.jp";"けせらんぱさらん";0;""
174;"http://reamwhat.blog.so-net.ne.jp";"けだものたちが……";0;""
175;"http://life-is-animal.blog.so-net.ne.jp";"こちら肉球クラブ";0;""
176;"http://tanjun5963.blog.so-net.ne.jp";"この方法を見つけてからは、なぜか儲かるようになった。";0;""
177;"http://yoka-comic.blog.so-net.ne.jp";"これまで読んだコミックのアーカイブ";0;""
178;"http://buc575plus.blog.so-net.ne.jp";"こんなモノ俳句じゃない 5・7・5＋＋";0;""
179;"http://pinkylabyrinth.blog.so-net.ne.jp";"ごまちゃん'ｓ 備忘録";0;""
180;"http://muramasa-x6.blog.so-net.ne.jp";"さいはて";0;""
181;"http://sakurakun.blog.so-net.ne.jp";"さくら君、かく語りき。～さくら整体療術院日記～";0;""
182;"http://nekozdiary.blog.so-net.ne.jp";"さとみ家";0;""
183;"http://shinopin.blog.so-net.ne.jp";"しのぴんのブログ";0;""
184;"http://shimado-oct-shimado.blog.so-net.ne.jp";"しまどっとの独り旅『移動日命』E-P1とGH2の旅";0;""
185;"http://enosan.blog.so-net.ne.jp";"じいじのサンデー毎日";0;""
186;"http://jowagamenote.blog.so-net.ne.jp";"じょわがめのまったり自由帳";0;""
187;"http://tnysparrow.blog.so-net.ne.jp";"すすめ、すずめ！";0;""
188;"http://kfuruta.blog.so-net.ne.jp";"せとっこの旅";0;""
189;"http://y-k-f-c.blog.so-net.ne.jp";"その他大勢　ｎ　のつぶやき";0;""
190;"http://sorekore.blog.so-net.ne.jp";"それこれ";0;""
191;"http://iwasky.blog.so-net.ne.jp";"たいっちゃんの雑記";0;""
192;"http://drive58.blog.so-net.ne.jp";"かすむ地平線";0;""
193;"http://20050105.blog.so-net.ne.jp";"たおやかに　（直ぐで柔にして剛）";0;""
194;"http://up-down-ukiuki.blog.so-net.ne.jp";"ちとせみどり";0;""
196;"http://mariltupe.blog.so-net.ne.jp";"ちょっと年だが、まだ若い";2;""
197;"http://pothi.blog.so-net.ne.jp";"ちょっぴり！？ヲタクな日々";0;""
198;"http://cyorocyoro-sanpo.blog.so-net.ne.jp";"ちょろちょろ ちょろっと散歩♪";0;""
199;"http://gazirou.blog.so-net.ne.jp";"つれづれともちん";0;""
200;"http://honey-kako.blog.so-net.ne.jp";"つれづれなるままに・・日々のかたらひ";0;""
201;"http://tetubo.blog.so-net.ne.jp";"てつぼの部屋";0;""
202;"http://dendenmushimushi.blog.so-net.ne.jp";"でんでんむしの岬めぐり";0;""
203;"http://tokidoki-momo.blog.so-net.ne.jp";"ときどき桃";0;""
204;"http://basename2003jp-b.blog.so-net.ne.jp";"とことこバイカー！";1;"#main > div:nth-child(3) > h2 > a:nth-child(1)
//*[@id=""main""]/div[3]/h2/a[1]"
205;"http://tomopanda-taipei.blog.so-net.ne.jp";"ともぱんだ　その２　《台湾生活編》";1;"#main > div:nth-child(4) > h3 > a:nth-child(1)
//*[@id=""main""]/div[4]/h3/a[1]"
206;"http://non-yo-00.blog.so-net.ne.jp";"とりあえず、コメントです";0;""
207;"http://stroller-ing.blog.so-net.ne.jp";"とんぼちゃんのウォークぶらぶら日記";0;""
208;"http://anedesugananika.blog.so-net.ne.jp";"どこまでいこう";0;""
209;"http://nakaseshinkyuseikotu.blog.so-net.ne.jp";"なかせ鍼灸整骨院";0;""
210;"http://matujyun36.blog.so-net.ne.jp";"なぎさ☆おやつ大好き";0;""
211;"http://dewdorop.blog.so-net.ne.jp";"なんでもないこと";0;""
212;"http://kaoruko-124.blog.so-net.ne.jp";"に☆ほし☆ブログ";0;""
213;"http://nissken.blog.so-net.ne.jp";"にすけん";0;""
214;"http://tochigi-wannyan.blog.so-net.ne.jp";"にゃん友会席　猫の部屋　犬の庭";2;""
215;"http://nyagonyago3.blog.so-net.ne.jp";"ねこビーム";0;""
216;"http://kazumin-maron.blog.so-net.ne.jp";"のほほんマロンさん";0;""
217;"http://takoyqki-2010.blog.so-net.ne.jp";"のらりくらり．．トボトボと．．";0;""
218;"http://aomikamica.blog.so-net.ne.jp";"のんびり。";0;""
219;"http://nyakko.blog.so-net.ne.jp";"のんびりブログ";0;""
220;"http://doraken.blog.so-net.ne.jp";"はじめてのDORAKEN(So-net出張所)";0;""
221;"http://hamete-keiba.blog.so-net.ne.jp";"はじめてのオッズ馬券";0;""
222;"http://hanbu-y.blog.so-net.ne.jp";"はなし汎武ん";0;""
223;"http://seiji619619.blog.so-net.ne.jp";"ばー助's blog";0;""
224;"http://kiyotan.blog.so-net.ne.jp";"ひぐらし日記";0;""
225;"http://himawari0312.blog.so-net.ne.jp";"ひまわり日記";0;""
226;"http://hirotan2.blog.so-net.ne.jp";"ひろたんの山登り日記２";0;""
227;"http://fugutaro.blog.so-net.ne.jp";"ふぐたろうオヤジ日記";0;""
228;"http://bullsans-house-m02.blog.so-net.ne.jp";"ぶるさんのおうち";0;""
229;"http://boonbooncats.blog.so-net.ne.jp";"ぶんぶんキャッツ";0;""
230;"http://heso-m2.blog.so-net.ne.jp";"へそ曲がり♪の過去の様な未来予想図Ⅱ";0;""
231;"http://doudesyo.blog.so-net.ne.jp";"ほっと　野鳥";0;""
232;"http://sorahei-s2.blog.so-net.ne.jp";"ほぼ金曜日のそらへい";0;""
233;"http://bokutokaerunikki2.blog.so-net.ne.jp";"ぼくと「かえる」日記２";0;""
234;"http://rei-tare-pan.blog.so-net.ne.jp";"ぼちぼちいきまひょ";1;"#main > div:nth-child(4) > h3 > a:nth-child(1)
//*[@id=""main""]/div[4]/h3/a[1]"
235;"http://boheneko.blog.so-net.ne.jp";"ぼへ猫通信";0;""
236;"http://bonsan-memory.blog.so-net.ne.jp";"ぼんさんの記憶帳";0;""
237;"http://hinatabokko-momonoki.blog.so-net.ne.jp";"ぼんやり着物日記";0;""
238;"http://apricotjam.blog.so-net.ne.jp";"ぽいんと";1;"#main > div:nth-child(4) > h3 > a:nth-child(1)
//*[@id=""main""]/div[4]/h3/a[1]"
239;"http://nekochinkun.blog.so-net.ne.jp";"ぽちの輔の雑記帳";0;""
240;"http://magonote-oheya.blog.so-net.ne.jp";"まごのて不動産の日常風景";0;""
241;"http://akumajo.blog.so-net.ne.jp";"まじょの部屋";0;""
242;"http://makkurokurosk.blog.so-net.ne.jp";"まっくろクロスケ";0;""
243;"http://marutaro.blog.so-net.ne.jp";"まるたろうの日記";0;""
244;"http://chi-chi-world.blog.so-net.ne.jp";"みかんとはちみつ・・";2;""
245;"http://flute.blog.so-net.ne.jp";"みどりの日記";0;""
246;"http://sandersonian.blog.so-net.ne.jp";"み・な・も 自分の楽しみ♪";0;""
248;"http://mupyonko.blog.so-net.ne.jp";"むう＆ぴょんこの天邪鬼探検隊";0;""
249;"http://monogusaojisan.blog.so-net.ne.jp";"ものぐさおじさんの備忘録";0;""
250;"http://momokichi94.blog.so-net.ne.jp";"ももきち工場～穴ボコとびこえ編～";0;""
251;"http://momokuma2.blog.so-net.ne.jp";"ももくま日記　ｐａｒｔ2";0;""
252;"http://momonoouchi.blog.so-net.ne.jp";"もものおうち";0;""
253;"http://my-lunch.blog.so-net.ne.jp";"や け た か な";0;""
254;"http://miruku-teru.blog.so-net.ne.jp";"やきたてパンだ";0;""
255;"http://nature-from-suginami.blog.so-net.ne.jp";"やっぱり自然が好き";0;""
256;"http://yamabiko.blog.so-net.ne.jp";"やまびこ日記";0;""
257;"http://memoteru.blog.so-net.ne.jp";"ゆっくりした生活が理想ですが";0;""
259;"http://puresumorin.blog.so-net.ne.jp";"ゆったり　まったり　思いのままに・・・";0;""
260;"http://amatou-daiou.blog.so-net.ne.jp";"ゆる～い主婦でも陸マイラーに…成れるかな？！";0;""
261;"http://yoshiaki-mizue.blog.so-net.ne.jp";"よしあき・絵画「今日の一枚」";0;""
262;"http://yopi.blog.so-net.ne.jp";"よぴとらさん";1;"#main > div:nth-child(3) > h3 > a:nth-child(1)
//*[@id=""main""]/div[3]/h3/a[1]"
263;"http://chotto-ippuku.blog.so-net.ne.jp";"よーちゃんのちょっと一服コーナー";0;""
264;"http://alf-w.blog.so-net.ne.jp";"りとるがれっと";0;""
265;"http://ryosan-no-kiyohouhen.blog.so-net.ne.jp";"りょ～さん☆の毀誉褒貶";0;""
266;"http://rinkou.blog.so-net.ne.jp";"りんこうの世界より";0;""
267;"http://08091160825.blog.so-net.ne.jp";"わたしのあしあと";0;""
268;"http://watacchi-world.blog.so-net.ne.jp";"わたっちの野鳥日記";0;""
269;"http://toshi-taka.blog.so-net.ne.jp";"アイウエオⅡ";0;""
270;"http://sirufu999.blog.so-net.ne.jp";"アトリエ5号星地区";0;""
271;"http://anis-book.blog.so-net.ne.jp";"アニの只今○○中！";0;""
272;"http://nyanko-kotetsu.blog.so-net.ne.jp";"アメスコこてつ";0;""
273;"http://ritsu4312.blog.so-net.ne.jp";"アラフィフりっとんのつぶやき";0;""
274;"http://rtfk12369.blog.so-net.ne.jp";"アラフィフオヤジ漂流奇譚";0;""
275;"http://hnhk.blog.so-net.ne.jp";"アラフォー・フリーターの脱・競争人生";0;""
276;"http://tenzaru.blog.so-net.ne.jp";"イパネマおやじのガーデニング日記　バラの花の画像を";0;""
277;"http://lamer76.blog.so-net.ne.jp";"イメージ・２";0;""
278;"http://takaranoumi.blog.so-net.ne.jp";"イラストレーサーのBLOG";0;""
279;"http://intermissionplus.blog.so-net.ne.jp";"インターミッション+";0;""
280;"http://ulenanohico.blog.so-net.ne.jp";"ウレナノヒコ";0;""
281;"http://kazushi310.blog.so-net.ne.jp";"エンジニアなぱぱちんのおもうこと";0;""
282;"http://a004456-yanaka.blog.so-net.ne.jp";"オアシスの『晴れたら良いね!!』";0;""
283;"http://oshieru.blog.so-net.ne.jp";"オシエルのブログ";0;""
284;"http://soratobu.blog.so-net.ne.jp";"オストドはトラブルコンダクター？";0;""
285;"http://cb750rc42.blog.so-net.ne.jp";"オッサンライダーのBurning Heart";0;""
286;"http://johncomeback3.blog.so-net.ne.jp";"オッサン一人旅Ⅱ";0;""
287;"http://olive-yokohama.blog.so-net.ne.jp";"オリーブと戯れる";0;""
288;"http://blog.so-net.ne.jp/Lotus";"オルフェウスの目覚め";0;""
289;"http://coregar.blog.so-net.ne.jp";"オーディオ・ビジュアルの部屋";0;""
290;"http://cafenonnon.blog.so-net.ne.jp";"カフェ・オ・レでも飲みながら・・・－気まぐれ日記帳－";0;""
291;"http://kabuko.blog.so-net.ne.jp";"カブ子とユラの日記";0;""
292;"http://dreamhunter.blog.so-net.ne.jp";"カメぶら雑想写真館";0;""
293;"http://chardaisukipekochann.blog.so-net.ne.jp";"カリメロのひとりあそび";1;"div.articles:nth-child(4) > h3:nth-child(1) > a:nth-child(1)
#main > div:nth-child(4) > h3 > a:nth-child(1)
//*[@id=""main""]/div[4]/h3/a[1]"
294;"http://nakamura12.blog.so-net.ne.jp";"カルロスの日々の日記ブログ";0;""
295;"http://ryo1216.blog.so-net.ne.jp";"カレイドスコープ　-ｐｈｏｔｏ　ｍｅｓｓａｇｅ-";0;""
296;"http://manamona.blog.so-net.ne.jp";"カントリーガーデンといきものたち　Vol.2";0;""
297;"http://kumagaisou.blog.so-net.ne.jp";"クマガイ草と木地玩具";0;""
298;"http://genn0320.blog.so-net.ne.jp";"ゲンちゃま日記";0;""
299;"http://april2605.blog.so-net.ne.jp";"ココのつぶやき";0;""
300;"http://kotou.blog.so-net.ne.jp";"コトウサッキウオウエン";0;""
301;"http://kazenomahoroba.blog.so-net.ne.jp";"ゴリラの王様";0;""
302;"http://nouri-oz.blog.so-net.ne.jp";"サクゾウイクゾウ";0;""
303;"http://y-sato213.blog.so-net.ne.jp";"サトちゃんのtake it easy";0;""
304;"http://yohtambo.blog.so-net.ne.jp";"サンタで いこう so！";0;""
305;"http://watanabi.blog.so-net.ne.jp";"ザ・ワタナビ";0;""
306;"http://umajii2010.blog.so-net.ne.jp";"シニア爺さん気儘な日記";0;""
307;"http://siroari.blog.so-net.ne.jp";"シロアリ屋の独り言";0;""
308;"http://gigipapa35.blog.so-net.ne.jp";"ジジさんとの日々";0;""
309;"http://jijiko-jiji.blog.so-net.ne.jp";"ジジコっすブログ２";0;""
310;"http://isoshijimi.blog.so-net.ne.jp";"ジャックラッセルテリアと新居と・・・";2;""
311;"http://dondon0912.blog.so-net.ne.jp";"ジョギング・ウォーキングでダイエット・健康維持日記";0;""
312;"http://skepticsweb.blog.so-net.ne.jp";"スケプティクス・レーダー";0;""
313;"http://mrykk24sw.blog.so-net.ne.jp";"ストライクな日々";0;""
314;"http://caterham7777777.blog.so-net.ne.jp";"スーパー７改造日記";0;""
315;"http://xperia-so905i.blog.so-net.ne.jp";"ソニー馬鹿の気まぐれブログ";0;""
316;"http://1961-roadrunner.blog.so-net.ne.jp";"タイド☆マンのドァ～";0;""
317;"http://shagyashagya.blog.so-net.ne.jp";"ダメ人間それでもパチりたいんだ！！！";1;"div.articles:nth-child(9) > h3:nth-child(1) > a:nth-child(1)
//*[@id=""main""]/div[5]/h3/a[1]"
318;"http://husky-chicchi.blog.so-net.ne.jp";"チッチの散歩道";0;""
319;"http://hyouhyouto.blog.so-net.ne.jp";"チンチコチンでトキントキン、時々ダランダラン";0;""
320;"http://tsukemono.blog.so-net.ne.jp";"ツケモノニッキ";0;""
321;"http://hide3011.blog.so-net.ne.jp";"テニスときどきねこ";0;""
322;"http://temporary.blog.so-net.ne.jp";"テンポラリ";0;""
323;"http://digital-camera.blog.so-net.ne.jp";"デジカメ写真ブログ";0;""
324;"http://myossy.blog.so-net.ne.jp";"トボトボ進行";0;""
325;"http://nakahirai.blog.so-net.ne.jp";"ナイスミート";0;""
326;"http://tokkuriyashi.blog.so-net.ne.jp";"ナイチャーオジイの海日記";0;""
327;"http://nekotokurasu.blog.so-net.ne.jp";"ナノトクラス～ネコのある生活～";0;""
328;"http://kazsan.blog.so-net.ne.jp";"ナードサークの四季";0;""
329;"http://goro2.blog.so-net.ne.jp";"ネットをがんばろう";0;""
330;"http://shizukanakurashi.blog.so-net.ne.jp";"ノルウェイ材の部屋";0;""
331;"http://harinezuminchi.blog.so-net.ne.jp";"ハリネズミんちののほほんな毎日";0;""
332;"http://oldrider3.blog.so-net.ne.jp";"バイクツーリング記録３";0;""
333;"http://batebate2.blog.so-net.ne.jp";"バテバテなんちゃってグルメブログ2";0;""
334;"http://colibri.blog.so-net.ne.jp";"バードカービングなど";2;""
335;"http://seawind335.blog.so-net.ne.jp";"バーボンとAOR";0;""
336;"http://ongakudou-plus.blog.so-net.ne.jp";"パズドラまったり日記";0;""
337;"http://op63op29pia30845.blog.so-net.ne.jp";"ピアノと本のある生活";0;""
338;"http://1099.blog.so-net.ne.jp";"ピックアップ札幌市野鳥写真";0;""
339;"http://piyomegumoca.blog.so-net.ne.jp";"ピヨめぐモカのすてきな暮らし";0;""
340;"http://pinbokejustgood.blog.so-net.ne.jp";"ピンボケぐらいがちょうどいい";0;""
341;"http://photoessay.blog.so-net.ne.jp";"ファインダーの中の私景空間";0;""
342;"http://flight-jacket-shop.blog.so-net.ne.jp";"フライトジャケット・プロフェッショナルズ・ショップ";0;""
343;"http://music-1000.blog.so-net.ne.jp";"フルートと音楽の日々";0;""
344;"http://toshizoukun-bike.blog.so-net.ne.jp";"フロントタイヤの向くままに";0;""
345;"http://ika-mimichan.blog.so-net.ne.jp";"プチ写真館";0;""
346;"http://chunennohoshi-news.blog.so-net.ne.jp";"ヘタレおやじの中年の星になれるかな？";0;""
347;"http://yumesakura.blog.so-net.ne.jp";"ペンタックスと私";0;""
348;"http://hobi-hobi.blog.so-net.ne.jp";"ホビホビの“大人になってもホビーが大好きっ！”その2";0;""
349;"http://wish-coming-true.blog.so-net.ne.jp";"マルコメ君の食べ歩き。";0;""
350;"http://me-pocket.blog.so-net.ne.jp";"ミィのぽけっと";0;""
351;"http://jibunngamikata.blog.so-net.ne.jp";"メンタル改造サポート）悩み苦しみ改善解消へ";0;""
352;"http://mizukisaquastyle.blog.so-net.ne.jp";"モエな日々";0;""
353;"http://sitada-photo.blog.so-net.ne.jp";"モリガメの・しただ写真塾";0;""
354;"http://yamitukiyakai.blog.so-net.ne.jp";"ヤミツキ☆ブログ";2;""
355;"http://yoshy-papa3.blog.so-net.ne.jp";"ヨッシーパパのきまぐれブログpart3";0;""
356;"http://yoshy-papa4.blog.so-net.ne.jp";"ヨッシーパパのきまぐれブログpart4";0;""
357;"http://latelier-rouge.blog.so-net.ne.jp";"ラトリエ・ルージュのひとりごと";0;""
358;"http://rikouda-go.blog.so-net.ne.jp";"リコーダーGO";0;""
359;"http://remonnaseikatu.blog.so-net.ne.jp";"レモンな生活　心と体のバランスを整える";0;""
360;"http://yuibun2.blog.so-net.ne.jp";"ログ丸太に囲まれて想うこと";0;""
361;"http://robotic-person.blog.so-net.ne.jp";"ロボット人間の散歩道";0;""
362;"http://jolno.blog.so-net.ne.jp";"ワイルドキャットブログ編";0;""
363;"http://riseingshot.blog.so-net.ne.jp";"ヽ(｀Д´)ノ日記";0;""
364;"http://iroiro-challenge.blog.so-net.ne.jp";"三日坊主";0;""
366;"http://emuraku.blog.so-net.ne.jp";"中古ドメインと無料レポート";1;"#main > div:nth-child(5) > h3 > a:nth-child(1)
//*[@id=""main""]/div[5]/h3/a[1]"
367;"http://keibayosou33.blog.so-net.ne.jp";"中央競馬予想タイム";0;""
368;"http://rakuchin-memo.blog.so-net.ne.jp";"主婦の楽ちん備忘録";0;""
369;"http://maru-ko2009.blog.so-net.ne.jp";"二次元の国のまるこ";0;""
370;"http://idobata-photo.blog.so-net.ne.jp";"井戸端写真館";0;""
371;"http://staka-kyoeiac.blog.so-net.ne.jp";"人と自然";0;""
372;"http://so-yank548.blog.so-net.ne.jp";"人生、イッテコイ";0;""
373;"http://hideo77k.blog.so-net.ne.jp";"今これが話題です";0;""
374;"http://shiningbrightly.blog.so-net.ne.jp";"今以上すべてが輝けばいいね。";0;""
375;"http://kaon8rai.blog.so-net.ne.jp";"今日の感動！";0;""
376;"http://kazumiyao.blog.so-net.ne.jp";"今日の散歩道";0;""
377;"http://kyoumomattari.blog.so-net.ne.jp";"今日もまったり";0;""
378;"http://imazo-rowingteam.blog.so-net.ne.jp";"今治造船ボート部";0;""
379;"http://hosinosekaiga.blog.so-net.ne.jp";"仮（イケメン犬とみーる";0;""
380;"http://kaz1192.blog.so-net.ne.jp";"俺のブログ";0;""
381;"http://ksj.blog.so-net.ne.jp";"健康創造塾";0;""
382;"http://whoiswrong.blog.so-net.ne.jp";"僕のマイル日記（ビジネスクラスで家族旅行）";0;""
383;"http://okuenohosomiti.blog.so-net.ne.jp";"億への細道";0;""
384;"http://hatu32.blog.so-net.ne.jp";"優紀乃のひとりごと";0;""
385;"http://papa-enta.blog.so-net.ne.jp";"元テレビっ子の芸能＆スポーツ情報";0;""
386;"http://bon-bochi.blog.so-net.ne.jp";"冷たい廊下";0;""
387;"http://ef58-hiyamizoo.blog.so-net.ne.jp";"冷や水鉄道";0;""
388;"http://aoyamasihoushyosi.blog.so-net.ne.jp";"出前司法書士の余ろく……あおやまひとし";0;""
389;"http://m-stock.blog.so-net.ne.jp";"初心者も安心デイトレソフトやデイトレ情報の紹介";0;""
390;"http://jinn.blog.so-net.ne.jp";"別冊凡庸日";0;""
392;"http://ichitaro1943.blog.so-net.ne.jp";"動物園ボランティア活動記";0;""
393;"http://da3785409059562628.blog.so-net.ne.jp";"北 空 港";0;""
394;"http://chibaramen.blog.so-net.ne.jp";"千葉";0;""
395;"http://abichan-abiabi.blog.so-net.ne.jp";"厩橋城";0;""
396;"http://sakanasnso-net.blog.so-net.ne.jp";"収集探訪記";0;""
397;"http://kohtyan.blog.so-net.ne.jp";"古寺古社フォト巡り";0;""
398;"http://mup.blog.so-net.ne.jp";"名前…それは両親が一番最初にくれた言葉";0;""
399;"http://tsumujikaze2.blog.so-net.ne.jp";"向島のつむじ風";0;""
400;"http://cocohima.blog.so-net.ne.jp";"和みを求めて　Part2";0;""
401;"http://kakese.blog.so-net.ne.jp";"和明の日記（抜粋）";0;""
402;"http://karatsu.blog.so-net.ne.jp";"唐津っ子のお気楽日記";0;""
403;"http://kitanohotaru.blog.so-net.ne.jp";"喫茶「千歳アイリスの語らい」";0;""
404;"http://keita-noel2.blog.so-net.ne.jp";"圭太とノエル　セカンドシーズン";0;""
405;"http://kanbei.blog.so-net.ne.jp";"城郭・歴史 etc";0;""
406;"http://saikyouhome.blog.so-net.ne.jp";"埼京ホーム : skh's blog";0;""
407;"http://ose2.blog.so-net.ne.jp";"墨田区議会議員大瀬康介の墨田オンブズマンブログ第2章";0;""
408;"http://karotousen.blog.so-net.ne.jp";"夏炉冬扇";0;""
409;"http://gingin123.blog.so-net.ne.jp";"夕焼けの歌";0;""
410;"http://go-go-gucci.blog.so-net.ne.jp";"夢のような日々";0;""
411;"http://sakura-34.blog.so-net.ne.jp";"大切なのは気合と思いやり 2017 Vol.2.0";0;""
412;"http://nananabiyori.blog.so-net.ne.jp";"大友七菜のなななびより";0;""
413;"http://a-stone-no.blog.so-net.ne.jp";"大天然！アストンさんの冒険";0;""
414;"http://kazkaz-daizu-kimochi.blog.so-net.ne.jp";"大豆の気持ち。";0;""
416;"http://kinkikinki.blog.so-net.ne.jp";"天一姫（あまひとひめ）";2;""
417;"http://escape5525.blog.so-net.ne.jp";"天使の舞う部屋";0;""
418;"http://no14ruggerman.blog.so-net.ne.jp";"天然おやじの徒然";0;""
419;"http://sokkyoshi.blog.so-net.ne.jp";"奢る座の定型の詩";0;""
420;"http://haribon.blog.so-net.ne.jp";"娘ちゃん日記";0;""
421;"http://miyazaki-hogushiya-m.blog.so-net.ne.jp";"宮崎ほぐし屋の健康ブログ";0;""
422;"http://ooshima-chiyouin.blog.so-net.ne.jp";"宮崎大島治療院";0;""
423;"http://majyo1948.blog.so-net.ne.jp";"宮沢賢治になれない魔女の独り言";0;""
424;"http://sawatari-yasai.blog.so-net.ne.jp";"家庭菜園　さわたり";0;""
425;"http://yoko-kun.blog.so-net.ne.jp";"小さなhappy";0;""
426;"http://momo-ha-sana-doll4.blog.so-net.ne.jp";"小さなアトリエ・４";0;""
427;"http://abitabi.blog.so-net.ne.jp";"小さな旅";0;""
428;"http://cairn-mau2-ume.blog.so-net.ne.jp";"小梅家の日常";0;""
429;"http://izakaya-keiba.blog.so-net.ne.jp";"居酒屋けいば";0;""
430;"http://castleinformation2.blog.so-net.ne.jp";"山城踏査日記Ⅱ";0;""
431;"http://qwe123asd.blog.so-net.ne.jp";"山子路爺の山旅宿";0;""
432;"http://ma-35.blog.so-net.ne.jp";"岐阜市　マサゴ整骨院刊　健康小事典";2;""
433;"http://railway583.blog.so-net.ne.jp";"岸田法眼のRailway Blog.season13";0;""
434;"http://cheese999.blog.so-net.ne.jp";"崖の上のジョージ";0;""
435;"http://kanjirukoto.blog.so-net.ne.jp";"川鮎くんの雑記";0;""
436;"http://jobu-r.blog.so-net.ne.jp";"常武鉄道建設記";0;""
437;"http://heian26.blog.so-net.ne.jp";"平安楽土 道中記";0;""
438;"http://taka1105.blog.so-net.ne.jp";"年金生活者の投資";0;""
439;"http://sachi-23-2371.blog.so-net.ne.jp";"幸も歩けば、棒にあたる";2;""
440;"http://niwaasobi.blog.so-net.ne.jp";"庭で遊ぼう";0;""
441;"http://matunoki.blog.so-net.ne.jp";"庭を眺める";0;""
442;"http://jun-ar.blog.so-net.ne.jp";"建築家石川淳の住宅デザイン実例と日常報告";0;""
443;"http://donhenley.blog.so-net.ne.jp";"彩美のつぶやき";0;""
444;"http://k-bettou.blog.so-net.ne.jp";"徒然なるままに資格マニア";0;""
445;"http://leesblog.blog.so-net.ne.jp";"徒然Ｌｅｅ’ｓブログ";0;""
446;"http://little-bird.blog.so-net.ne.jp";"心";0;""
447;"http://nanagoo2.blog.so-net.ne.jp";"Gokigensan-Pictures4";0;""
448;"http://waradutoya.blog.so-net.ne.jp";"恐るべき児童公園";0;""
449;"http://makers-with-myson.blog.so-net.ne.jp";"息子と一緒に Makers";0;""
450;"http://runapapa-kizuna2.blog.so-net.ne.jp";"愛猫";0;""
451;"http://xjr1200-1966.blog.so-net.ne.jp";"我が人生に悔いなし";0;""
452;"http://sengoshi.blog.so-net.ne.jp";"戦後史の激動";0;""
453;"http://kakiluu.blog.so-net.ne.jp";"散歩日和り";0;""
454;"http://douga-isin.blog.so-net.ne.jp";"新・動画維新";0;""
455;"http://hanadagumo2.blog.so-net.ne.jp";"新宿樹海";0;""
456;"http://funayoi-3.blog.so-net.ne.jp";"旅爺さんの部屋　その5";0;""
457;"http://kokemomo2.blog.so-net.ne.jp";"日々徒然";0;""
458;"http://dozo.blog.so-net.ne.jp";"日々是好日";0;""
459;"http://yukatao.blog.so-net.ne.jp";"日々是精進";0;""
460;"http://komuchan.blog.so-net.ne.jp";"日々雑感";0;""
461;"http://dolphin7.blog.so-net.ne.jp";"日がな一日";0;""
462;"http://okkun.blog.so-net.ne.jp";"日常のこと";0;""
463;"http://marimari2.blog.so-net.ne.jp";"日常の小さな小さな出来事";0;""
464;"http://yu-papa0202.blog.so-net.ne.jp";"日常の色々";0;""
465;"http://polentaski.blog.so-net.ne.jp";"日暮れに思う　今日も一日ありがとう";0;""
466;"http://dendentown.blog.so-net.ne.jp";"日本橋（NIPPOMBASHI）経済新聞";0;""
467;"http://siroyagi2.blog.so-net.ne.jp";"日産自動車とたたかう仲間たち";0;""
468;"http://muk.blog.so-net.ne.jp";"日記";0;""
469;"http://kiki0070.blog.so-net.ne.jp";"日記を書きましょうか？";0;""
470;"http://dekaribon.blog.so-net.ne.jp";"旬な映画・ドラマ情報";2;""
471;"http://akarui-mirai.blog.so-net.ne.jp";"明るい未来に向かって　うつとの付合い　人生楽しく";0;""
472;"http://xa8700.blog.so-net.ne.jp";"明日は明日の風が吹く②";0;""
473;"http://ougon-no-hibi.blog.so-net.ne.jp";"星空の下で、君に話そう３";0;""
474;"http://harunoumi.blog.so-net.ne.jp";"春の海　ひねもすのたり　のたりかな";0;""
475;"http://shunbuntei.blog.so-net.ne.jp";"春分亭備忘録";0;""
476;"http://tokinohonpo.blog.so-net.ne.jp";"時の記憶写真本舗";0;""
477;"http://kunugi.blog.so-net.ne.jp";"時間があったら";0;""
478;"http://buddha2007.blog.so-net.ne.jp";"暇人の独り言";0;""
479;"http://gen-vol3.blog.so-net.ne.jp";"暗中模索";0;""
480;"http://26wamika.blog.so-net.ne.jp";"最近のトレンド";0;""
481;"http://mdr.blog.so-net.ne.jp";"最高じゃん！";0;""
482;"http://nightthemoon.blog.so-net.ne.jp";"月の夜の妄想";0;""
483;"http://torinosato.blog.so-net.ne.jp";"有機農場とりのさと　から";0;""
484;"http://beaute3yoshitaka.blog.so-net.ne.jp";"末尾ルコのミューズ、〈「言葉」による革命〉の学校！";2;""
486;"http://tommy1188.blog.so-net.ne.jp";"村まつり育蔵";0;""
487;"http://kotarobs.blog.so-net.ne.jp";"東京の坂と橋をＪｅｅｐ　Ｍ３８で巡る江戸情緒発見の旅";0;""
488;"http://gentlemansonic.blog.so-net.ne.jp";"東京都多摩地区在住・30代男性のblog";0;""
489;"http://toohokuhonsen.blog.so-net.ne.jp";"果てしない旅(JR全線走破を目指した道程）・・・";0;""
490;"http://nyonyokki.blog.so-net.ne.jp";"柴犬がいる生活";0;""
491;"http://ichiro-chiba2.blog.so-net.ne.jp";"柴犬イチロー日記2";0;""
492;"http://shiba-rocky.blog.so-net.ne.jp";"柴犬ロッキーといっしょに。";0;""
493;"http://gloryhosi.blog.so-net.ne.jp";"株　FX　初心者の日記";0;""
494;"http://renbajin.blog.so-net.ne.jp";"株が大好き";0;""
495;"http://chocolate-love.blog.so-net.ne.jp";"株主優待＆懸賞生活、時々育児日記";0;""
496;"http://usiusi.blog.so-net.ne.jp";"株式会社　潮田建設";0;""
497;"http://opas10.blog.so-net.ne.jp";"棚からぼたもちVisual";0;""
498;"http://pandan56.blog.so-net.ne.jp";"楽しみながら毎日生活!!";0;""
499;"http://usa147.blog.so-net.ne.jp";"横浜AlfaとBianchiと飲食生活";0;""
500;"http://asthenosphere.blog.so-net.ne.jp";"機能の黒板みたび";0;""
501;"http://take-zee.blog.so-net.ne.jp";"武爺の絵日記";0;""
502;"http://tomimati.blog.so-net.ne.jp";"母ちゃんのつぶやき";0;""
503;"http://mainichikininaru.blog.so-net.ne.jp";"毎日、気になる";2;""
504;"http://nohoon-is-good.blog.so-net.ne.jp";"毎日がリラックス";0;""
505;"http://nohoon-is-good2.blog.so-net.ne.jp";"毎日がリラックス２";0;""
506;"http://lawtray4.blog.so-net.ne.jp";"毎日が日曜大工　　ステージ２";0;""
507;"http://lawtray.blog.so-net.ne.jp";"毎日が日曜大工　何か楽しいこと探そう！";0;""
508;"http://mainichi-tentekomai.blog.so-net.ne.jp";"毎日てんてこまい！";0;""
509;"http://mc485-100.blog.so-net.ne.jp";"気がつけば九鉄フェチ";0;""
510;"http://taharas-amami-nara.blog.so-net.ne.jp";"気の向くままに-Ⅱ・・・";0;""
511;"http://hutarou.blog.so-net.ne.jp";"気の向くままの日干し話";0;""
512;"http://cravit.blog.so-net.ne.jp";"気まぐれすいか。";0;""
513;"http://object-oriented.blog.so-net.ne.jp";"気ままなオーディオ日記";0;""
514;"http://kimamani-photolife.blog.so-net.ne.jp";"気ままにphoto-life";0;""
515;"http://moroq43s.blog.so-net.ne.jp";"気ままにフォーサーズ";0;""
516;"http://mizunosato-gakuto.blog.so-net.ne.jp";"水郷楽人の塵芥録Ⅱ";0;""
517;"http://tsumuratakumi.blog.so-net.ne.jp";"津村巧のブログ（so-net版）";0;""
518;"http://carotte-rend-aimable.blog.so-net.ne.jp";"海のむこうはどんなところ？";0;""
519;"http://cruiselove.blog.so-net.ne.jp";"海は広いな大きいな";0;""
521;"http://umihoshi.blog.so-net.ne.jp";"海星";2;""
522;"http://kyoto-travelguide.blog.so-net.ne.jp";"添乗員おすすめ！京都・関西のご案内と時々雑感";0;""
523;"http://poohsuke.blog.so-net.ne.jp";"温泉気まま旅";0;""
524;"http://newmoonsky.blog.so-net.ne.jp";"満天の星空";0;""
525;"http://kazu88312.blog.so-net.ne.jp";"漂えども沈まず";0;""
526;"http://2516.blog.so-net.ne.jp";"無職を目指して、株でがんばる！　～ケ・セラ・セラ～";0;""
527;"http://ztonbaltan.blog.so-net.ne.jp";"特撮ファミリー 昭和のヒーローを読む！";0;""
528;"http://ikemen-tenshi.blog.so-net.ne.jp";"犬好き主婦の日記２";0;""
529;"http://nomikuji.blog.so-net.ne.jp";"犬眉母の子育て日記";0;""
530;"http://kiritampo.blog.so-net.ne.jp";"犯罪予備軍のための刑務所マニュアル";0;""
531;"http://pf-t.blog.so-net.ne.jp";"独語空笑幻覚妄想伊達酔狂";0;""
532;"http://mima-ohana.blog.so-net.ne.jp";"猫とお花と";0;""
533;"http://takechanmanchan.blog.so-net.ne.jp";"猫山の猫達";0;""
534;"http://sinnotuyosa.blog.so-net.ne.jp";"猫日記";0;""
535;"http://hermitage-lilium.blog.so-net.ne.jp";"瑠璃色と櫻色の夢";0;""
536;"http://harunire715.blog.so-net.ne.jp";"環 ! ! リース";0;""
537;"http://emerald-heart.blog.so-net.ne.jp";"癒やしの可能性";0;""
538;"http://hakushitosyo.blog.so-net.ne.jp";"白紙の図書館";0;""
539;"http://yamatotakada.blog.so-net.ne.jp";"真・大和高田市ホームページ";0;""
540;"http://shikemokuwosuinagara.blog.so-net.ne.jp";"矛盾の矛盾";0;""
541;"http://rokushin.blog.so-net.ne.jp";"石原藤樹のブログ（元六号通り診療所所長のブログ）";0;""
542;"http://abe-sr.blog.so-net.ne.jp";"社労士・FPのヘロヘロ日記";0;""
543;"http://fukufukufx.blog.so-net.ne.jp";"福にゃんのＦＸ大冒険-ドル円専科";0;""
544;"http://taekoparis.blog.so-net.ne.jp";"私が行った美術館、レストラン";0;""
545;"http://myfavoritemovie.blog.so-net.ne.jp";"私のDVD／BD鑑賞履歴";0;""
546;"http://kouichi3.blog.so-net.ne.jp";"私のひとり言";0;""
547;"http://watasino-nikki.blog.so-net.ne.jp";"私の日記";0;""
548;"http://lasiku.blog.so-net.ne.jp";"私らしく";0;""
549;"http://butsuyoku-seikatsu.blog.so-net.ne.jp";"私的物欲生活。";0;""
550;"http://sitekikinnsenntyou.blog.so-net.ne.jp";"私的琴線帳";2;""
551;"http://beamuse.blog.so-net.ne.jp";"私的遊戯";0;""
552;"http://tokoton-mura-uma.blog.so-net.ne.jp";"穴馬一徹・渋川秋治の亜空間予想";0;""
553;"http://sora-no-kazoku2.blog.so-net.ne.jp";"空楽（そら）の家族２";0;""
554;"http://okosabo-2.blog.so-net.ne.jp";"窓際のTreasure窓辺のFairy-2";0;""
555;"http://tossy1ban.blog.so-net.ne.jp";"等身庵の気儘な生き様";0;""
556;"http://ffml.blog.so-net.ne.jp";"箱庭";0;""
557;"http://yuuminngahaha.blog.so-net.ne.jp";"終わりあれば始まりあり";2;""
558;"http://hananeko.blog.so-net.ne.jp";"Ta - Kame House";0;""
559;"http://yuna-k.blog.so-net.ne.jp";"続・Emi Clockは、どうなったの？";0;""
560;"http://tsukemen.blog.so-net.ne.jp";"綱渡り人生";0;""
561;"http://webtarou.blog.so-net.ne.jp";"綺麗なもの見つけた（街角探検隊）";0;""
562;"http://ein-reisender.blog.so-net.ne.jp";"美と音楽と安らぎと・・・３　";2;""
563;"http://omoshiro1182.blog.so-net.ne.jp";"美邑のたわごと";0;""
564;"http://okina-02.blog.so-net.ne.jp";"翁の散歩日記－2015～";0;""
565;"http://jinchoge2.blog.so-net.ne.jp";"老いのつぶやき２";0;""
566;"http://collin2007.blog.so-net.ne.jp";"耳と、音と、それからなんだっけ？";0;""
567;"http://shizen-kansatsu.blog.so-net.ne.jp";"自然から学ぶ";0;""
568;"http://runningriver.blog.so-net.ne.jp";"自転車Trekker";0;""
569;"http://azumino-kaku.blog.so-net.ne.jp";"自転車、音楽、山、異文化・・たまにはお勉強";0;""
570;"http://derufyi-iyfured.blog.so-net.ne.jp";"舞い舞い蝶々";0;""
571;"http://tama-ob-houkoku.blog.so-net.ne.jp";"花とちょっぴり美味しいお酒のある生活";0;""
572;"http://yamadorigumi.blog.so-net.ne.jp";"花鳥風月～　やまさん　口笛吹いてるよ♪";2;""
573;"http://toyosantoyosan.blog.so-net.ne.jp";"花鳥風月の俳句";0;""
574;"http://saendon.blog.so-net.ne.jp";"茶苑呑デジカメ散歩";0;""
575;"http://tithan3mik725.blog.so-net.ne.jp";"草花散歩３";0;""
576;"http://chinchiko.blog.so-net.ne.jp";"落合道人　Ochiai-Dojin";0;""
577;"http://mikawanokami.blog.so-net.ne.jp";"蔓草";0;""
578;"http://barasyoujo.blog.so-net.ne.jp";"薔薇少女";0;""
579;"http://do32.blog.so-net.ne.jp";"&quot;裏&quot;気がつけば九鉄フェチ";0;""
580;"http://yuuyuusuisai.blog.so-net.ne.jp";"裕々水彩帳";0;""
581;"http://101sunny-side-up.blog.so-net.ne.jp";"西新井は洋書の名所？";0;""
582;"http://knyku.blog.so-net.ne.jp";"西湘の風";0;""
583;"http://silentsilent.blog.so-net.ne.jp";"言葉に恋して　温故知新。";0;""
584;"http://smartinfo.blog.so-net.ne.jp";"記になるつぶやき";0;""
585;"http://bookreader.blog.so-net.ne.jp";"読 書 感 動 文";0;""
586;"http://sanukibito.blog.so-net.ne.jp";"讃岐人日記";0;""
587;"http://moekaznano.blog.so-net.ne.jp";"負け犬の雄叫び！";0;""
588;"http://sugomono.blog.so-net.ne.jp";"買って使って感想ブログ　スゴモノ";0;""
589;"http://e-money.blog.so-net.ne.jp";"賢く　楽しく　欲張りな　マネーライフ";0;""
590;"http://semi53.blog.so-net.ne.jp";"趣くままに";0;""
591;"http://braveman.blog.so-net.ne.jp";"運命は勇者に微笑む";0;""
592;"http://kashimiya.blog.so-net.ne.jp";"部屋においでよ";0;""
593;"http://nousagi.blog.so-net.ne.jp";"野うさぎのティータイム";0;""
594;"http://junnjii2.blog.so-net.ne.jp";"野鳥　ひとりごと。";0;""
595;"http://ff-kobayan.blog.so-net.ne.jp";"釣りキチ、コバヤン奮闘記（ブログ編）";0;""
596;"http://gu-tara-animator.blog.so-net.ne.jp";"釣り好きanimatorの農園日記！？";0;""
598;"http://rene-tennis.blog.so-net.ne.jp";"閑中忙有";0;""
599;"http://shanghai-taichou.blog.so-net.ne.jp";"隊長のブログ";0;""
600;"http://zatujiwotomoni.blog.so-net.ne.jp";"雑事を友に";0;""
602;"http://joun.blog.so-net.ne.jp";"雲が流れる如く";0;""
604;"http://umi-sora-taiyou.blog.so-net.ne.jp";"青い海と空　そして太陽と";0;""
605;"http://murai-kazuhiko.blog.so-net.ne.jp";"ファインダーの中の私景空間";0;""
606;"http://skycatskycat2008a.blog.so-net.ne.jp";"青空と緑の下で";0;""
607;"http://buongiorno3.blog.so-net.ne.jp";"音と画像で綴るブログはいかがすか。";0;""
608;"http://sec.blog.so-net.ne.jp";"音と色彩のあいだ";0;""
609;"http://okkoclassical.blog.so-net.ne.jp";"音楽とともに";0;""
610;"http://black-hibiki.blog.so-net.ne.jp";"響は今日も道の上";0;""
611;"http://nusa-wald.blog.so-net.ne.jp";"頑張れ　自分と3代目　o(・∀・)O";0;""
612;"http://kazenifukarete-2.blog.so-net.ne.jp";"風にふかれて-2";0;""
613;"http://kano-rin.blog.so-net.ne.jp";"風に誘われて";0;""
614;"http://ja6nqo.blog.so-net.ne.jp";"風のふくおか";0;""
615;"http://091125annaka.blog.so-net.ne.jp";"風の丘便り";0;""
616;"http://zza700.blog.so-net.ne.jp";"風流韻事";0;""
617;"http://hirometai.blog.so-net.ne.jp";"馬橋ご近所付き合い広目隊ブログ";0;""
618;"http://nobu-3.blog.so-net.ne.jp";"駄洒落が世界を救う?";0;""
619;"http://inkopikipiki.blog.so-net.ne.jp";"鳥どりな日常";0;""
620;"http://yamagara22.blog.so-net.ne.jp";"鳥見ノート";2;""
621;"http://mimizuku3379.blog.so-net.ne.jp";"鶏肋日誌";0;""
622;"http://pentaro31.blog.so-net.ne.jp";"麺そーれAランチ ②";0;""
623;"http://mari-mari.blog.so-net.ne.jp";"麻里圭子 オフィシャル ブログ";0;""
624;"http://jun3519.blog.so-net.ne.jp";"黒く光る石と黒く動く虫";0;""
625;"http://sotomo.blog.so-net.ne.jp";"黒川智花ちゃん応援ブログ";0;""
626;"http://sal1v2.blog.so-net.ne.jp";"（２杯目）しろたま　さる1号の蕎麦と甘味の探求記録";0;""
627;"http://77penguin-sheep.blog.so-net.ne.jp";"（*＾ｏ＾*）　ままのひとりごと　♪　3rd";0;""
628;"http://cafemn2010-3.blog.so-net.ne.jp";"＊ピカチュウ＊です♪♪";0;""
629;"http://tiare-tiare-tiare.blog.so-net.ne.jp";"＊旅の記憶＊";0;""
630;"http://choco724.blog.so-net.ne.jp";"３度のメシよりチョコレート";0;""
631;"http://pinky-momo.blog.so-net.ne.jp";"ＢＬ萌えな本";0;""
632;"http://claire0122.blog.so-net.ne.jp";"ＣＬＥＡの日常‐韓ドラ大好き子育てママ";0;""
633;"http://white-diamond.blog.so-net.ne.jp";"Ｈｏｎｅｙｌｅｅｎ ☆";0;""
634;"http://ikaia.blog.so-net.ne.jp";"Ｋ＆Ｔ企画の部屋（ブログ版）";0;""
635;"http://lunablog.blog.so-net.ne.jp";"ＬｕｎａＢｌｏｇ";0;""
636;"http://tre3kk.blog.so-net.ne.jp";"ｍｙPCスペース";0;""
637;"http://youji.blog.so-net.ne.jp";"Ｙｏｕｊｉの平々凡々";0;""
638;"http://caprice.blog.so-net.ne.jp";"～Caprice～";0;""
639;"http://encounters.blog.so-net.ne.jp";"～encounter @ ドラマチックカメラ";0;""
642;"http://nitaniyurie.blog.so-net.ne.jp";"二谷友里恵";2;""
644;"http://marumi375.blog.so-net.ne.jp";"まるみ";0;""
645;"http://suigin.blog.so-net.ne.jp";"水銀";0;""
646;"http://kiichan2-tabiji.blog.so-net.ne.jp";"きーちゃん2";0;""
647;"http://ksakamo.blog.so-net.ne.jp";"ksakamo";0;""
651;"http://chip-dale-shimarisu.blog.so-net.ne.jp";"シマリス";0;""
654;"http://p-tech.blog.so-net.ne.jp";"KAN";0;""
655;"http://eparu-world.blog.so-net.ne.jp";"u_yasu";0;""
657;"http://bottega-fatafioretta.blog.so-net.ne.jp";"fatafi";0;""
659;"http://g-nya.blog.so-net.ne.jp";"ウィのニャ";0;""
660;"http://naoazucar.blog.so-net.ne.jp";"naonao";0;""
662;"http://wanwanannie.blog.so-net.ne.jp";"エンジェル";0;""
663;"http://rifle.blog.so-net.ne.jp";"Rifle";0;""
665;"http://cocoa3shimo33.blog.so-net.ne.jp";"S北斗";0;""
668;"http://hermitage-rosa.blog.so-net.ne.jp";"miyoko";0;""
670;"http://center--idogaya.blog.so-net.ne.jp";"mo_co";0;""
671;"http://tentennikki-2.blog.so-net.ne.jp";"てんてん";0;""
672;"http://fuyublog.blog.so-net.ne.jp";"";0;""
674;"http://wakame-ya-hirochan.blog.so-net.ne.jp";"ひろちゃん";0;""
677;"http://100percent-cotton.blog.so-net.ne.jp";"ken6966";0;""
680;"http://cyokokunn.blog.so-net.ne.jp";"cyoko1112";0;""
682;"http://photo-memory.blog.so-net.ne.jp";"らる";0;""
683;"http://iko4wd.blog.so-net.ne.jp";"iko4wd";0;""
685;"http://kissarmy1984.blog.so-net.ne.jp";"Paul";0;""
687;"http://okku-blog-kimama.blog.so-net.ne.jp";"おっくー";0;""
689;"http://heroarts.blog.so-net.ne.jp";"heroarts";0;""
690;"http://ironbridge-uk.blog.so-net.ne.jp";"ironbridge";0;""
693;"http://tau3.blog.so-net.ne.jp";"ロゼ";0;""
695;"http://abiworld73.blog.so-net.ne.jp";"ws224847";0;""
697;"http://musashi.blog.so-net.ne.jp";"ムサシママ";0;""
699;"http://ennka-karaoke.blog.so-net.ne.jp";"ennkakasyu";0;""
701;"http://ishim3.blog.so-net.ne.jp";"イシム";0;""
703;"http://shibatetsu.blog.so-net.ne.jp";"芝浦鉄親父";0;""
706;"http://tomo-all.blog.so-net.ne.jp";"とも?る";0;""
711;"http://taro-u-taro.blog.so-net.ne.jp";"taro-u";0;""
712;"http://beach-party.blog.so-net.ne.jp";"yuppie";0;""
713;"http://kimugoq.blog.so-net.ne.jp";"だいだらぼっち";0;""
715;"http://pastel-room.blog.so-net.ne.jp";"pastel";0;""
716;"http://boo-choco-boo.blog.so-net.ne.jp";"boo";0;""
717;"http://satohksm.blog.so-net.ne.jp";"satohk";0;""
719;"http://kuon-3.blog.so-net.ne.jp";"久遠";0;""
720;"http://furitani.blog.so-net.ne.jp";"furitann";0;""
722;"http://i-su.blog.so-net.ne.jp";"NICOパパ";0;""
723;"http://pito-kapi.blog.so-net.ne.jp";"pito-kapi";0;""
724;"http://silk-a.blog.so-net.ne.jp";"a-silk";0;""
725;"http://koncyanobento.blog.so-net.ne.jp";"まる";0;""
729;"http://yukemuri-shikisai.blog.so-net.ne.jp";"温泉ソムリエ　ガラパン";0;""
730;"http://haruka-papa.blog.so-net.ne.jp";"Cub_356";0;""
731;"http://sr-office-machida01.blog.so-net.ne.jp";"まっちゃん";0;""
733;"http://nanda-kore310.blog.so-net.ne.jp";"promethe";0;""
734;"http://hoshinofune.blog.so-net.ne.jp";"hoshinofune";0;""
741;"http://yk-photo.blog.so-net.ne.jp";"ＹＫ０４５";0;""
745;"http://tenpoint777.blog.so-net.ne.jp";"てんぽいんと";0;""
746;"http://onlyonepositionfx.blog.so-net.ne.jp";"Moon";0;""
751;"http://yamatonosuke.blog.so-net.ne.jp";"yamatonosuke";0;""
752;"http://acquanaturale.blog.so-net.ne.jp";"ちぇる";0;""
753;"http://cote-dazur.blog.so-net.ne.jp";"ciel-bleu-fonce";0;""
754;"http://show-kera.blog.so-net.ne.jp";"ＮＴ";0;""
756;"http://dakudaku575.blog.so-net.ne.jp";"粋田化石";0;""
758;"http://it-manual.blog.so-net.ne.jp";"syorotoru";0;""
761;"http://dejavu12.blog.so-net.ne.jp";"kinaco";0;""
762;"http://tozyee.blog.so-net.ne.jp";"ゆめ乃";0;""
764;"http://aoihoshinokuma.blog.so-net.ne.jp";"うっかりくま";0;""
765;"http://vol1024.blog.so-net.ne.jp";"VOL";0;""
769;"http://biwa-moriyoko.blog.so-net.ne.jp";"moriyoko";0;""
770;"http://pointo-saito-kodukai.blog.so-net.ne.jp";"フミター";0;""
771;"http://madtp1.blog.so-net.ne.jp";"とまと";0;""
772;"http://ja-kou66-blog.blog.so-net.ne.jp";"Ja-Kou66";0;""
777;"http://sky-snow-picture.blog.so-net.ne.jp";"snow";0;""
778;"http://go-go-ikkansei.blog.so-net.ne.jp";"Optimus";0;""
780;"http://rilachan.blog.so-net.ne.jp";"pon";0;""
786;"http://shumimin.blog.so-net.ne.jp";"shumimin";0;""
787;"http://kovch.blog.so-net.ne.jp";"KOVCH";0;""
790;"http://floralmoon.blog.so-net.ne.jp";"ぜふ";0;"　"
791;"http://momozukin.blog.so-net.ne.jp";"ゆるキャラ";0;""
792;"http://nikki-no-blog.blog.so-net.ne.jp";"nikki";0;""
794;"http://kazuchan-kimama.blog.so-net.ne.jp";"yuzman1953";0;""
799;"http://icarus2.blog.so-net.ne.jp";"icarus";0;""
800;"http://w21sa.blog.so-net.ne.jp";"iwasaki_p";0;""
804;"http://ku-po.blog.so-net.ne.jp";"クッピーラムネ";0;""
805;"http://marbou.blog.so-net.ne.jp";"まさ";0;""
811;"http://hakkenden.blog.so-net.ne.jp";"八犬伝";0;""
813;"http://simple-art-book.blog.so-net.ne.jp";"Simple";0;""
816;"http://jboy-hdr-part3.blog.so-net.ne.jp";"JBOY";0;""
818;"http://kokoronomado-09.blog.so-net.ne.jp";"いちにぃ";0;""
820;"http://mopopo-days.blog.so-net.ne.jp";"裕ぱぱ";0;""
822;"http://irodoriusagi0013.blog.so-net.ne.jp";"irodoriusagi";0;""
825;"http://woodbrown.blog.so-net.ne.jp";"yes_hama";0;""
826;"http://saishin53.blog.so-net.ne.jp";"なおさい";0;""
832;"http://takaoji.blog.so-net.ne.jp";"たかおじー";0;""
833;"http://1staygold9.blog.so-net.ne.jp";"LoveSki";0;""
834;"http://benny-s51.blog.so-net.ne.jp";"星紅丸";0;""
836;"http://ade8ko.blog.so-net.ne.jp";"溺愛猫的女人";0;""
837;"http://genkikeroyon.blog.so-net.ne.jp";"keroyon";2;"#main > div:nth-child(4) > h3 > a:nth-child(1)"
840;"http://ganguriinuinu.blog.so-net.ne.jp";"がんぐりーぬ";0;""
843;"http://tenten12.blog.so-net.ne.jp";"ten";0;""
845;"http://mami-ch.blog.so-net.ne.jp";"まみ";0;""
846;"http://stroller-ing2.blog.so-net.ne.jp";"ken";0;""
848;"http://speakeasy.blog.so-net.ne.jp";"Speakeasy";0;""
850;"http://marilili.blog.so-net.ne.jp";"ヒロミ";0;""
854;"http://nakachan-utagoe-02.blog.so-net.ne.jp";"なかちゃん";0;""
855;"http://kinokoneko.blog.so-net.ne.jp";"ｒａｎｎｙａβ";0;""
856;"http://ponkoponko.blog.so-net.ne.jp";"ぽんこ";0;""
859;"http://yuseisyomatomo2.blog.so-net.ne.jp";"3匹のこぶたママ";0;""
860;"http://bluewish08.blog.so-net.ne.jp";"miyabi08";0;""
861;"http://tonnura0919.blog.so-net.ne.jp";"tonnura0919";0;""
862;"http://tatuko081.blog.so-net.ne.jp";"mikan";0;""
867;"http://tosisan.blog.so-net.ne.jp";"たもぎ";0;""
868;"http://goodluck-kiyokiyo.blog.so-net.ne.jp";"kiyokiyo";0;""
870;"http://terutamago.blog.so-net.ne.jp";"te-chan";0;""
871;"http://it18skbl.blog.so-net.ne.jp";"風船かずら";0;"　"
873;"http://yana-dream.blog.so-net.ne.jp";"yana703";0;""
875;"http://fdc.blog.so-net.ne.jp";"ＦＤ";0;""
879;"http://shoumonraifuku.blog.so-net.ne.jp";"笑門来福";0;""
883;"http://nenrinnokai-2.blog.so-net.ne.jp";"bpd1teikichi_satoh";0;""
887;"http://shiroiruka.blog.so-net.ne.jp";"シロイルカ";0;""
888;"http://tyarityari.blog.so-net.ne.jp";"よっちん";0;""
889;"http://trend-hotsnews.blog.so-net.ne.jp";"のりすけ";0;""
890;"http://akatonbonosanpo.blog.so-net.ne.jp";"あかとんぼ";0;""
891;"http://honsitu.blog.so-net.ne.jp";"チョココア";0;""
893;"http://kamino-yukimura.blog.so-net.ne.jp";"加美の幸村";0;""
894;"http://kero2.blog.so-net.ne.jp";"kerokero";0;""
895;"http://aikenyuyucocopri.blog.so-net.ne.jp";"makkun";0;""
897;"http://akanenosora-3.blog.so-net.ne.jp";"akanenosora";0;""
898;"http://1616neta.blog.so-net.ne.jp";"いろいろ";0;""
899;"http://starfortune.blog.so-net.ne.jp";"Houryuu";0;""
901;"http://eri-earlgrey2.blog.so-net.ne.jp";"アールグレイ";0;""
904;"http://kazukonohana.blog.so-net.ne.jp";"kazuko";0;""
905;"http://pikaripikari.blog.so-net.ne.jp";"追いかけっ子";0;""
906;"http://tajimarl.blog.so-net.ne.jp";"たじまーる";0;""
907;"http://nuno-hurawe35.blog.so-net.ne.jp";"侘び助";0;""
911;"http://sweetbaby.blog.so-net.ne.jp";"よいこ";0;""
914;"http://gaomu.blog.so-net.ne.jp";"Y.Takaki";0;""
915;"http://ken2-jousyasatsuraku.blog.so-net.ne.jp";"ken2";0;""
918;"http://zirco.blog.so-net.ne.jp";"PopLife";0;""
921;"http://ha3o5su3.blog.so-net.ne.jp";"優伽";0;""
922;"http://morimorimorichan.blog.so-net.ne.jp";"モリモリもりちゃん";0;""
923;"http://takomo.blog.so-net.ne.jp";"tachi";0;""
924;"http://hatuyo45-1.blog.so-net.ne.jp";"彩美";0;""
930;"http://gorogoro-cat.blog.so-net.ne.jp";"こむぎ";0;""
931;"http://sotoasobi.blog.so-net.ne.jp";"ゆるり";0;""
932;"http://doru-bak.blog.so-net.ne.jp";"健功";0;""
933;"http://harukazenoran.blog.so-net.ne.jp";"まつき";0;""
934;"http://fukushimazu.blog.so-net.ne.jp";"fukushimazu";0;""
935;"http://nbotenba.blog.so-net.ne.jp";"ナビパ";0;""
936;"http://mitu-mandy.blog.so-net.ne.jp";"mitu";0;""
938;"http://f-kasugai.blog.so-net.ne.jp";"f-kasugai";0;""
940;"http://cocoapanda.blog.so-net.ne.jp";"ココアなクマ";0;"　"
942;"http://xn--ldrw0ofz5ah5e.blog.so-net.ne.jp";"tanukyan";0;""
943;"http://wing-gadget.blog.so-net.ne.jp";"wing";0;""
944;"http://puppuku.blog.so-net.ne.jp";"ぷっぷく";0;""
947;"http://falco84.blog.so-net.ne.jp";"ファルコ８４";0;""
950;"http://butakun.blog.so-net.ne.jp";"猫またぎ";0;""
951;"http://ribonstyle.blog.so-net.ne.jp";"ribonribon";0;""
955;"http://deepredcocktail2.blog.so-net.ne.jp";"deepredcocktail2";0;""
957;"http://smile49.blog.so-net.ne.jp";"ファンファン";0;""
959;"http://candy-ci-co.blog.so-net.ne.jp";"chibacandy";0;""
960;"http://marinbow.blog.so-net.ne.jp";"マリンまま";0;""
963;"http://roco240-art.blog.so-net.ne.jp";"ロコときどきキナコ";0;""
964;"http://tomoyan10.blog.so-net.ne.jp";"あずき";0;""
965;"http://leolio-diy.blog.so-net.ne.jp";"leolio";0;""
966;"http://kappanda.blog.so-net.ne.jp";"路渡カッパ";0;""
967;"http://holdon2.blog.so-net.ne.jp";"ＨＯＬＤＯＮ";0;""
969;"http://ishikawadenki.blog.so-net.ne.jp";"ishikawa";0;""
970;"http://1000yamagata.blog.so-net.ne.jp";"千金堂山形";0;""
973;"http://na-ka2.blog.so-net.ne.jp";"na-ka1";0;""
974;"http://pokonen.blog.so-net.ne.jp";"ぽこねん";0;""
976;"http://jijinoburarinikki.blog.so-net.ne.jp";"ぶらり爺";0;""
977;"http://tora52.blog.so-net.ne.jp";"濱の寅次郎";0;""
978;"http://kobufipc.blog.so-net.ne.jp";"KOBU";0;""
980;"http://chiru-aoisora0590.blog.so-net.ne.jp";"chiru";0;""
981;"http://rascal0122.blog.so-net.ne.jp";"RASCAL";0;""
982;"http://nekosand.blog.so-net.ne.jp";"BillK-ko";0;""
983;"http://with-sara.blog.so-net.ne.jp";"きぃ";0;""
986;"http://rlab.blog.so-net.ne.jp";"rascal";0;""
987;"http://sakusaku603.blog.so-net.ne.jp";"クッキー";0;""
990;"http://silencer169.blog.so-net.ne.jp";"silencer169";0;""
997;"http://19920826.blog.so-net.ne.jp";"ダイとクロ";0;""
998;"http://23key.blog.so-net.ne.jp";"くじら３３１２号";0;""
1000;"http://takenoko-photo-2.blog.so-net.ne.jp";"takenoko";0;""
1001;"http://terry658-2.blog.so-net.ne.jp";"テリー";0;""
1005;"http://trendskywalker.blog.so-net.ne.jp";"ディラン・ホッコリ";0;""
1006;"http://kajisan-jiji.blog.so-net.ne.jp";"たそがれじーじkajisan";0;""
1010;"http://kenb.blog.so-net.ne.jp";"ken";0;""
1011;"http://tochitochi-leica.blog.so-net.ne.jp";"tochi";0;""
1013;"http://yorokinoko.blog.so-net.ne.jp";"yorokinoko";0;""
1016;"http://chi-no-fluff-world.blog.so-net.ne.jp";"ちぃ";0;""
1017;"http://mikazuki2009.blog.so-net.ne.jp";"Mari";0;""
1018;"http://nmzk.blog.so-net.ne.jp";"nmzk";0;""
1019;"http://harukaze0013.blog.so-net.ne.jp";"はるかぜ";0;""
1024;"http://bxk07344.blog.so-net.ne.jp";"bxk07344";0;""
1029;"http://tpec-psycholo.blog.so-net.ne.jp";"CPweb";0;""
1030;"http://keeplaughing.blog.so-net.ne.jp";"YUTORI";0;""
1033;"http://tugarukaikyou.blog.so-net.ne.jp";"tokumichi";0;""
1035;"http://kate-photo.blog.so-net.ne.jp";"kate";0;""
1038;"http://rudiminipin1119.blog.so-net.ne.jp";"ルディパパ";0;""
1045;"http://hotnews1015.blog.so-net.ne.jp";"momo";0;""
1050;"http://winter-sky.blog.so-net.ne.jp";"そら";0;""
1052;"http://kazutoku.blog.so-net.ne.jp";"kazutoku";0;""
1054;"http://hatumi30331hituji.blog.so-net.ne.jp";"hatumi30331";0;""
1055;"http://tamakorogashi.blog.so-net.ne.jp";"はなっち";2;""
1061;"http://kyouichi.blog.so-net.ne.jp";"takechan";0;""
1064;"http://kinkin-d51.blog.so-net.ne.jp";"kinkin";0;""
1065;"http://ikujiji.blog.so-net.ne.jp";"しゅわっち";2;""
1066;"http://husahusa9696.blog.so-net.ne.jp";"Baldhead1010";2;""
1071;"http://sharktank2015.blog.so-net.ne.jp";"空飛ぶサメ";0;""
1073;"http://aruiru.blog.so-net.ne.jp";"あるいる";0;""
1074;"http://wattana7.blog.so-net.ne.jp";"wattana";0;""
1077;"http://megimigi.blog.so-net.ne.jp";"めぎ";0;""
1081;"http://under-picture2.blog.so-net.ne.jp";"コーヒーカップ";0;""
1082;"http://ga61-ma70-gdb.blog.so-net.ne.jp";"HIDEe";0;""
1088;"http://mi--ma.blog.so-net.ne.jp";"みな";0;""
1091;"http://kimamanieiga.blog.so-net.ne.jp";"einstein";0;""
1097;"http://everyday-happiness.blog.so-net.ne.jp";"werewolf";0;""
1103;"http://ayamenosasayaki.blog.so-net.ne.jp";"banpeiyu";0;""
1107;"http://ryukei-rondan.blog.so-net.ne.jp";"ryu-ron";0;""
1108;"http://vanilla-on-stage.blog.so-net.ne.jp";"vanilla_ice";0;""
1111;"http://hitomiya716munakata.blog.so-net.ne.jp";"一宮";0;""
1120;"http://gatadaiary.blog.so-net.ne.jp";"GATA";0;""
1130;"http://tokiwagi-2006-2017.blog.so-net.ne.jp";"とんとん2";0;""
1136;"http://minag.blog.so-net.ne.jp";"ming";0;""
1137;"http://wangeru-zizou-dining.blog.so-net.ne.jp";"青い森のヨッチン";0;""
1140;"http://seimi-1925.blog.so-net.ne.jp";"セイミー";0;""
1142;"http://taku3san.blog.so-net.ne.jp";"坂の上の蜘蛛";0;""
1159;"http://tae-diary.blog.so-net.ne.jp";"taekozue";0;""
1162;"http://machinoakariga.blog.so-net.ne.jp";"dolphy";0;""
1178;"http://tokotoko0318.blog.so-net.ne.jp";"ビタースイート";0;""
1180;"http://eye-san.blog.so-net.ne.jp";"eye";0;""
1186;"http://koubou-tomo.blog.so-net.ne.jp";"工房とも";0;""
1188;"http://hrd911.blog.so-net.ne.jp";"hrd";0;""
1190;"http://mobo2.blog.so-net.ne.jp";"モボ";0;""
1202;"http://hong-kong-2.blog.so-net.ne.jp";"hong_kong";0;""
1216;"http://y-tanaka758iii.blog.so-net.ne.jp";"himanaoyaji";0;""
1217;"http://maki-ron.blog.so-net.ne.jp";"ｍａｋｉ";0;""
1221;"http://green-2ohanadaisuki.blog.so-net.ne.jp";"グリーン";0;""
1228;"http://takataku505050.blog.so-net.ne.jp";"たっくん";0;""
1234;"http://hatopopo.blog.so-net.ne.jp";"hatopopo";0;""
1241;"http://like-a-rollingstone.blog.so-net.ne.jp";"kazya";0;""
1243;"http://kawaradeasobo.blog.so-net.ne.jp";"河原";0;""
1246;"http://mitton-rx7.blog.so-net.ne.jp";"mitton";0;""
1251;"http://senbonzakura.blog.so-net.ne.jp";"hatsune";0;""
1252;"http://mamemo.blog.so-net.ne.jp";"まめ";2;"#main > div:nth-child(4) > h3 > a:nth-child(1)"
1255;"http://300mann.blog.so-net.ne.jp";"アリ";0;""
1257;"http://maki1118.blog.so-net.ne.jp";"まき";0;""
1260;"http://seasidemuseum.blog.so-net.ne.jp";"春日　淳樹";0;""
1265;"http://ikikilife.blog.so-net.ne.jp";"tatsu44";0;""
1278;"http://marupoji-flower.blog.so-net.ne.jp";"marupoji";0;""
1284;"http://free-paper-annex.blog.so-net.ne.jp";"☆ＫＥＹ";0;""
1297;"http://hanasanpo-2.blog.so-net.ne.jp";"g_g";0;""
1298;"http://shiho275-serve1.blog.so-net.ne.jp";"shiho";0;""
1303;"http://every-day-orange.blog.so-net.ne.jp";"モカ";0;""
1304;"http://pulse-news.blog.so-net.ne.jp";"しょうちゃん";0;""
1315;"http://midori-photo.blog.so-net.ne.jp";"pn";0;""
1352;"http://jt8d-219.blog.so-net.ne.jp";"aidesu";0;""
1360;"http://hawaii-mba.blog.so-net.ne.jp";"akira401";0;""
1361;"http://tachan.blog.so-net.ne.jp";"takasi0419";0;""
1369;"http://tigers-gogo.blog.so-net.ne.jp";"あき坊";0;""
1372;"http://enomi3.blog.so-net.ne.jp";"えのみ";0;""
1374;"http://mistta.blog.so-net.ne.jp";"mistta";0;""
1379;"http://teruen-030.blog.so-net.ne.jp";"hikaru-eg";0;""
1391;"http://reicoo.blog.so-net.ne.jp";"レイコ";0;""
1392;"http://kumokirimegusuri.blog.so-net.ne.jp";"九子";0;""
1393;"http://otthan.blog.so-net.ne.jp";"おっつぁん";0;""
1395;"http://choumon.blog.so-net.ne.jp";"bamboo";0;""
1396;"http://xn--2ryr71cj7g.blog.so-net.ne.jp";"赤面症";0;""
1397;"http://ippatsuco.blog.so-net.ne.jp";"逆転子";0;""
1400;"http://kabusuki-buraresuki.blog.so-net.ne.jp";"bunbabon";0;""
1401;"http://dorio.blog.so-net.ne.jp";"ドリオ";0;""
1405;"http://fishermans-club.blog.so-net.ne.jp";"釣り好きアウトドアマン";0;""
1406;"http://xn--zckzczcd7076bwdw.blog.so-net.ne.jp";"昭和プロレス";2;"#content1 > div:nth-child(3) > div.article-title-outer > div > h2 > a"
1407;"http://shizuca.blog.so-net.ne.jp";"静香";0;""
1408;"http://atelier-yucky.blog.so-net.ne.jp";"yucky";0;""
1409;"http://ozegasuki.blog.so-net.ne.jp";"hanami";0;""
1412;"http://utamaroco.blog.so-net.ne.jp";"utamaroco";0;""
1413;"http://kazenotomodati.blog.so-net.ne.jp";"風の友";0;""
1414;"http://lequiche.blog.so-net.ne.jp";"lequiche";0;""
1419;"http://kazuya77x.blog.so-net.ne.jp";"かずのこ";0;""
1420;"http://nhkmachikadojoho.blog.so-net.ne.jp";"nhkmachikado";0;""
1424;"http://kon-chan50.blog.so-net.ne.jp";"こんちゃん";0;""
1425;"http://hone-ori-doku.blog.so-net.ne.jp";"BERA";2;""
1427;"http://rice-one.blog.so-net.ne.jp";"ライス";0;""
1429;"http://garion.blog.so-net.ne.jp";"がりおん";0;""
1431;"http://akihero23.blog.so-net.ne.jp";"akihero";0;""
1440;"http://jirorin.blog.so-net.ne.jp";"jirorin";0;""
1443;"http://illust-hajime2.blog.so-net.ne.jp";"ラコ";0;""
1446;"http://cosme5dekirei3.blog.so-net.ne.jp";"cawajun";0;""
1448;"http://modspants.blog.so-net.ne.jp";"モッズパンツ";0;""
1451;"http://sa-chi.blog.so-net.ne.jp";"さーち";0;""
1458;"http://niji-kohboh.blog.so-net.ne.jp";"あとみみ";0;""
1459;"http://non-solo-vino.blog.so-net.ne.jp";"fumiko";0;""
1461;"http://daizudaizu2.blog.so-net.ne.jp";"だいず";0;""
1462;"http://writer.blog.so-net.ne.jp";"扶侶夢";0;""
1472;"http://mwainfo-2.blog.so-net.ne.jp";"mwainfo";2;""
1476;"http://andrew.blog.so-net.ne.jp";"MANA";0;""
1478;"http://kizudarake-skier.blog.so-net.ne.jp";"ちんさん";0;""
1480;"http://enya697.blog.so-net.ne.jp";"えんや";0;""
1481;"http://uchinonora.blog.so-net.ne.jp";"JUNJUN";0;""
1492;"http://takalog-001.blog.so-net.ne.jp";"サボさん";0;""
1513;"http://koh925.blog.so-net.ne.jp";"koh925";0;""
1527;"http://monokakinohitorigoto.blog.so-net.ne.jp";"そうじろう";0;""
1531;"http://elizabeth-akko.blog.so-net.ne.jp";"あっこ";0;""
1536;"http://shoubu-ari.blog.so-net.ne.jp";"花やしき";0;""
1539;"http://kinda.blog.so-net.ne.jp";"kinda";0;""
1547;"http://utsuweb.blog.so-net.ne.jp";"うつ夫";0;""
1552;"http://5d2.blog.so-net.ne.jp";"starwars2015";0;""
1555;"http://gohachinihachi0309.blog.so-net.ne.jp";"あるまーき";0;""
1573;"http://wataru-anglersmind.blog.so-net.ne.jp";"森田　航";0;""
1574;"http://studio-del-girasole.blog.so-net.ne.jp";"girasole";0;""
1578;"http://yama-nousagi.blog.so-net.ne.jp";"nousagi";0;""
1581;"http://sonet5963.blog.so-net.ne.jp";"チャレンジャー";0;""
1585;"http://que-sera-sera-m.blog.so-net.ne.jp";"Mayumi";0;""
1589;"http://sweetencafe.blog.so-net.ne.jp";"店長（ボビーの飼い主）";2;"#main > div:nth-child(3) > h3 > a:nth-child(1)"
1594;"http://blog.so-net.ne.jp/picnic_on_the_piano";"chiho";0;""
1600;"http://shiba2cv.blog.so-net.ne.jp";"しばちゃん2cv";0;""
1602;"http://sin-sibata2.blog.so-net.ne.jp";"ハゲノヤセウマ";0;""
1605;"http://tomoyuri.blog.so-net.ne.jp";"tomoyuri";0;""
1618;"http://itsuki-photo.blog.so-net.ne.jp";"itsuki";0;""
1624;"http://tale-soup-hiho.blog.so-net.ne.jp";"エイシュン";0;""
1631;"http://k-miyazaki.blog.so-net.ne.jp";"k_miyazaki";0;""
1639;"http://mixhana87.blog.so-net.ne.jp";"hana87";0;""
1640;"http://freedakoa.blog.so-net.ne.jp";"akoa";0;""
1641;"http://nd502-3.blog.so-net.ne.jp";"nd502";0;""
1654;"http://assimane.blog.so-net.ne.jp";"assimane";0;""
1658;"http://yamelen.blog.so-net.ne.jp";"yam";0;""
1661;"http://kazo310.blog.so-net.ne.jp";"ちんぐるま";0;""
1664;"http://mitamura.blog.so-net.ne.jp";"みたやん";0;""
1665;"http://shuu2.blog.so-net.ne.jp";"shuuji";0;""
1697;"http://binpa111.blog.so-net.ne.jp";"binpa";0;""
1700;"http://kyoumishinshin2.blog.so-net.ne.jp";"ram";0;""
1714;"http://2go.blog.so-net.ne.jp";"弐号";0;""
1722;"http://yusha-san.blog.so-net.ne.jp";"HARUKO";0;""
1723;"http://nash-bridges.blog.so-net.ne.jp";"nash-bridges";0;""
1740;"http://kunikkoganikoniko.blog.so-net.ne.jp";"ニコニコファイト";0;""
1748;"http://blutrapenfx.blog.so-net.ne.jp";"ハレルヤ";2;"#main > div.articles > h2 > a:nth-child(6)"
1760;"http://wagagama-tyunen.blog.so-net.ne.jp";"ken";0;""
1781;"http://tukino2011-9anael.blog.so-net.ne.jp";"月乃";2;""
1783;"http://azuki-14.blog.so-net.ne.jp";"小豆";0;""
1784;"http://hanamura-tatsuhiko.blog.so-net.ne.jp";"hanamura";0;""
1794;"http://happy-vietnam.blog.so-net.ne.jp";"ハッピー";0;""
1797;"http://nanden-kanden.blog.so-net.ne.jp";"nandenkanden";0;""
1811;"http://wolfym.blog.so-net.ne.jp";"moz";0;""
1833;"http://nicecomic.blog.so-net.ne.jp";"コミックン";0;""
1840;"http://1wan3nyan.blog.so-net.ne.jp";"ニャニャワン";0;""
1851;"http://benyan.blog.so-net.ne.jp";"morichan";0;""
1883;"http://kumakuma0927.blog.so-net.ne.jp";"hitomimi";0;""
1886;"http://olds-or-news-andvalu.blog.so-net.ne.jp";"sterling.hide.j";0;""
1887;"http://nagomintea.blog.so-net.ne.jp";"和";0;""
1943;"http://hiro-runners-high.blog.so-net.ne.jp";"hiro";0;""
1961;"http://hide-tabi.blog.so-net.ne.jp";"hide-m";0;""
1980;"http://dome.blog.so-net.ne.jp";"土芽";0;""
1992;"http://gin0011.blog.so-net.ne.jp";"銀";0;""
2011;"http://rugbyhead.blog.so-net.ne.jp";"トリック";2;"#main > div:nth-child(4) > h3 > a:nth-child(1)"
2019;"http://books-traveller.blog.so-net.ne.jp";"なか";0;""
2025;"http://ichizen-yosyoku.blog.so-net.ne.jp";"こてぱん";0;""
2047;"http://usapin.blog.so-net.ne.jp";"うさぴん";0;""
2055;"http://bird-echo.blog.so-net.ne.jp";"ramblin";0;""
2062;"http://hemisync-world.blog.so-net.ne.jp";"えくりぷす";0;""
2080;"http://rninet.blog.so-net.ne.jp";"響";0;""
2135;"http://chabana.blog.so-net.ne.jp";"いろは";0;""
2137;"http://hmoyaji.blog.so-net.ne.jp";"老年蛇銘多親父(HM-Oyaji)";0;""
2150;"http://gill-kanda.blog.so-net.ne.jp";"ギル神田店";0;""
2164;"http://oroka.blog.so-net.ne.jp";"end_up宇電研";0;""
2181;"http://sune2.blog.so-net.ne.jp";"sune";0;""
2190;"http://88th-ap-factory.blog.so-net.ne.jp";"川崎工場長";0;""
2228;"http://mainichi-oishii.blog.so-net.ne.jp";"りえぽん";0;""
2230;"http://bag-kawadetutumu.blog.so-net.ne.jp";"sterling.hide.j";0;""
2232;"http://komachi-closet.blog.so-net.ne.jp";"くみ";0;""
2236;"http://selybar.blog.so-net.ne.jp";"selybar";0;""
2237;"http://xie.blog.so-net.ne.jp";"xie";0;""
2238;"http://haru-do.blog.so-net.ne.jp";"harudo";0;""
2248;"http://aoitori-chamikun.blog.so-net.ne.jp";"olived";0;""
2249;"http://able.blog.so-net.ne.jp";"英ぼ";0;""
2250;"http://wabi-sabi.blog.so-net.ne.jp";"寂光";0;""
2259;"http://rin-ohanasi.blog.so-net.ne.jp";"リンさん";0;""
2260;"http://tebamaruda5.blog.so-net.ne.jp";"てばまる";0;""
2261;"http://delfin3.blog.so-net.ne.jp";"delfin";0;""
2266;"http://a-shige.blog.so-net.ne.jp";"SHIGE";0;""
2268;"http://kamerun.blog.so-net.ne.jp";"さとし";0;""
2269;"http://sa-okb.blog.so-net.ne.jp";"pegasas";0;""
2274;"http://junoka.blog.so-net.ne.jp";"じゅのか";0;""
2297;"http://torisanbg8.blog.so-net.ne.jp";"torisan";0;""
2300;"http://hiroyuki09211.blog.so-net.ne.jp";"hiro";0;""
2301;"http://sadafusa-novels.blog.so-net.ne.jp";"sadafusa";0;""
2302;"http://mirro.blog.so-net.ne.jp";"mirro";0;""
2303;"http://u-ru2ftab.blog.so-net.ne.jp";"100ccライダー";0;""
2307;"http://heppokoking.blog.so-net.ne.jp";"七（なな）";0;""
2309;"http://tanan1978.blog.so-net.ne.jp";"tantan1978";0;""
2314;"http://search-light.blog.so-net.ne.jp";"K";0;""
2318;"http://ohayoo.blog.so-net.ne.jp";"おっちゃん";0;""
2319;"http://hlz.blog.so-net.ne.jp";"Nlz";0;""
2320;"http://dome-jp.blog.so-net.ne.jp";"Do夢";0;""
2324;"http://akinai-cyaya2.blog.so-net.ne.jp";"影風響";0;""
2325;"http://yama64.blog.so-net.ne.jp";"フジトモ";0;""
2328;"http://cas-uraob.blog.so-net.ne.jp";"ちんくろ２級";0;""
2332;"http://sst.blog.so-net.ne.jp";"seiya";0;""
2333;"http://kojirou-cycle.blog.so-net.ne.jp";"喫茶こじろう";0;""
2338;"http://safaiya.blog.so-net.ne.jp";"サファイヤ";0;""
2341;"http://ayafuya.blog.so-net.ne.jp";"anoa";0;""
2342;"http://crystalina.blog.so-net.ne.jp";"Crystalina";0;""
2346;"http://stray-parakeet.blog.so-net.ne.jp";"そらそら";0;""
2357;"http://mudabanasi.blog.so-net.ne.jp";"安奈";0;""
2358;"http://daddyroad.blog.so-net.ne.jp";"kumakichi";0;""
2360;"http://tiheisennnokanatahe.blog.so-net.ne.jp";"ゆき";0;""
2362;"http://touch-me.blog.so-net.ne.jp";"タッチおじさん";0;""
2365;"http://pandahannna-aloala.blog.so-net.ne.jp";"ぱんだはんな";0;""
2370;"http://godson.blog.so-net.ne.jp";"ごっさん";0;""
2371;"http://kozuchi.blog.so-net.ne.jp";"さとふみ";0;""
2376;"http://zeroko-0653.blog.so-net.ne.jp";"ぜろこ";0;""
2378;"http://to-ki-to000.blog.so-net.ne.jp";"to-ki-to";0;""
2379;"http://hidekunyj.blog.so-net.ne.jp";"hide";0;""
2382;"http://camemusi.blog.so-net.ne.jp";"かめむし";0;""
2383;"http://lettherebelove.blog.so-net.ne.jp";"りあむ";0;""
2384;"http://akibaduga.blog.so-net.ne.jp";"リホ";0;""
2388;"http://nandemo-talk.blog.so-net.ne.jp";"r-chemst";0;""
2395;"http://onhome.blog.so-net.ne.jp";"とんちゃん";0;""
2412;"http://tamaon.blog.so-net.ne.jp";"多摩川音響";0;""
2421;"http://soeji.blog.so-net.ne.jp";"そえじ";0;""
2431;"http://gogofunya-55ino.blog.so-net.ne.jp";"ふにゃいの";0;""
2434;"http://netarou007.blog.so-net.ne.jp";"流離いの音太浪";0;""
2439;"http://pure-bin.blog.so-net.ne.jp";"macky";0;""
2441;"http://brer.blog.so-net.ne.jp";"BrerRabbit";0;""
2444;"http://torifun.blog.so-net.ne.jp";"むっちー";0;""
2449;"http://peach-mama.blog.so-net.ne.jp";"まつみママ";0;""
2455;"http://soune.blog.so-net.ne.jp";"太陽の玉子";0;""
2459;"http://jiji-san.blog.so-net.ne.jp";"jiji_san";0;""
2460;"http://watt3pappy2.blog.so-net.ne.jp";"ハンコック";0;""
2462;"http://hazakura.blog.so-net.ne.jp";"スー";0;""
2467;"http://bluescreen2.blog.so-net.ne.jp";"sunny";0;""
2469;"http://tesylop.blog.so-net.ne.jp";"sigedonn";0;""
2476;"http://maron3ukulele.blog.so-net.ne.jp";"ai-maron";0;""
2496;"http://tom33.blog.so-net.ne.jp";"tom_mura";0;""
2500;"http://trendnewsjapan.blog.so-net.ne.jp";"kenrockdou";0;""
2504;"http://champagne-island.blog.so-net.ne.jp";"Ginger";0;""
2509;"http://rodorigesex-02.blog.so-net.ne.jp";"RodorigesEX";0;""
2524;"http://gg233334.blog.so-net.ne.jp";"GG233334";0;""
2527;"http://gon-eri-wonderful.blog.so-net.ne.jp";"名犬ゴン太の兄";0;""
2528;"http://universal-life.blog.so-net.ne.jp";"Mitty";0;""
2537;"http://lovoistolove.blog.so-net.ne.jp";"shino*";0;""
2544;"http://tigerkita.blog.so-net.ne.jp";"匁";0;""
2557;"http://asakoro.blog.so-net.ne.jp";"asahama";0;""
2575;"http://tinyfogtroll.blog.so-net.ne.jp";"トロル";0;""
2578;"http://k-soaps.blog.so-net.ne.jp";"もぐら";0;""
2579;"http://ab7new.blog.so-net.ne.jp";"ab7";0;""
2581;"http://citron-2.blog.so-net.ne.jp";"citron-2";0;""
2582;"http://habarigani.blog.so-net.ne.jp";"jane";0;""
2583;"http://su-yan-osanpo.blog.so-net.ne.jp";"すーやん";0;""
2585;"http://yu-memories.blog.so-net.ne.jp";"YU-BLUES";0;""
2586;"http://southbay.blog.so-net.ne.jp";"α_Student";0;""
2592;"http://amorphous.blog.so-net.ne.jp";"amo";0;""
2594;"http://yahiro.blog.so-net.ne.jp";"t-yahiro";0;""
2597;"http://ruby2006us.blog.so-net.ne.jp";"kgoto";0;""
2602;"http://rush-aim-max.blog.so-net.ne.jp";"らしゅえいむ";0;""
2608;"http://atempo.blog.so-net.ne.jp";"coron";0;""
2609;"http://peach-cafe.blog.so-net.ne.jp";"Chiffon";0;""
2620;"http://kotukotuyama4.blog.so-net.ne.jp";"joyclimb";0;""
2622;"http://hoppe.blog.so-net.ne.jp";"hoppe";0;""
2634;"http://erdbeereeis.blog.so-net.ne.jp";"ショコ";0;""
2636;"http://enogy2.blog.so-net.ne.jp";"ENO";0;""
2651;"http://seiten-nari.blog.so-net.ne.jp";"Samansa";0;""
2652;"http://magu-wasa6.blog.so-net.ne.jp";"imarin";0;""
2653;"http://dreamyemons.blog.so-net.ne.jp";"えも?んず";0;""
2658;"http://hanagatari.blog.so-net.ne.jp";"ryouka";0;""
2662;"http://turugiuo.blog.so-net.ne.jp";"つるぎうお";0;""
2664;"http://lucky-nishi.blog.so-net.ne.jp";"nishiken";0;""
2665;"http://ggt.blog.so-net.ne.jp";"ガンビー";0;""
2673;"http://nicolas23.blog.so-net.ne.jp";"nicolas";0;""
2675;"http://teatime7up.blog.so-net.ne.jp";"ぼたもち";0;""
2679;"http://masatany2.blog.so-net.ne.jp";"masatany";0;""
2681;"http://ehonn-love.blog.so-net.ne.jp";"natsu";0;""
2687;"http://evergreen-nage.blog.so-net.ne.jp";"evergreen";0;""
2688;"http://takuma-g19.blog.so-net.ne.jp";"TAKUMA";0;""
2703;"http://mmm-colors.blog.so-net.ne.jp";"mika";0;""
2705;"http://okonomiyaki-hiro.blog.so-net.ne.jp";"レオネ";0;""
2708;"http://kou-arium.blog.so-net.ne.jp";"kou";0;""
2714;"http://fuwa-fuwa-panda.blog.so-net.ne.jp";"YOU";0;""
2720;"http://drumusuko.blog.so-net.ne.jp";"drumusuko";0;""
2734;"http://nisisyou36.blog.so-net.ne.jp";"nisisyou36";0;""
2736;"http://mk1sp.blog.so-net.ne.jp";"mk1sp";0;""
2737;"http://tokiw-style.blog.so-net.ne.jp";"宝くじ解説☆連載中☆";0;""
2745;"http://scopio.blog.so-net.ne.jp";"ER34";0;""
2755;"http://roba1413.blog.so-net.ne.jp";"ロバ";0;""
2800;"http://shimaneoki.blog.so-net.ne.jp";"hiro-kan";0;""
2804;"http://fujikuro.blog.so-net.ne.jp";"ふじくろ";0;""
2805;"http://gooverability.blog.so-net.ne.jp";"Ten";0;""
2809;"http://windmolen.blog.so-net.ne.jp";"kazeneko";0;""
2815;"http://acaha.blog.so-net.ne.jp";"ちろろ";0;""
2817;"http://aruhi.blog.so-net.ne.jp";"ケンタパパ";0;""
2828;"http://usayocalendar.blog.so-net.ne.jp";"usayo";2;""
2839;"http://mykaukulife.blog.so-net.ne.jp";"MyR-Life";0;""
2867;"http://takapy77.blog.so-net.ne.jp";"takapy77";0;""
2882;"http://niwashi.blog.so-net.ne.jp";"izumi";0;""
2889;"http://saika19.blog.so-net.ne.jp";"彩風";0;""
2893;"http://groovy-crith-cube.blog.so-net.ne.jp";"t";0;""
2895;"http://sirasagi.blog.so-net.ne.jp";"Chikako112";0;""
2921;"http://lemonnbalm38.blog.so-net.ne.jp";"melissa";0;""
2941;"http://cat-mei4236.blog.so-net.ne.jp";"yoriko";0;""
2944;"http://sports-watch.blog.so-net.ne.jp";"Performance76";0;""
2956;"http://marie-1101-2.blog.so-net.ne.jp";"真利";0;""
2963;"http://nobuzo.blog.so-net.ne.jp";"Nobuzo";0;""
2964;"http://teku-teku.blog.so-net.ne.jp";"テクテク";0;""
2977;"http://final1219mirai.blog.so-net.ne.jp";"ひぐらし";0;""
2983;"http://mikim-spr.blog.so-net.ne.jp";"らいおん草";0;""
2989;"http://yahyah-kuma3.blog.so-net.ne.jp";"UNCLE";0;""
2999;"http://386yumekaidou.blog.so-net.ne.jp";"ueki";0;""
3028;"http://pt-watcher.blog.so-net.ne.jp";"pt-watcher";0;""
3045;"http://frpta.blog.so-net.ne.jp";"タカタカ";0;""
3048;"http://song4u.blog.so-net.ne.jp";"song4u";0;""
3055;"http://orangerosen.blog.so-net.ne.jp";"orange";0;""
3057;"http://speedbird.blog.so-net.ne.jp";"SpeedBird";0;""
3058;"http://senngyo.blog.so-net.ne.jp";"suhr0045";0;""
3075;"http://suzunami.blog.so-net.ne.jp";"takoshi";0;""
3079;"http://gf487323.blog.so-net.ne.jp";"gf487323";0;""
3083;"http://7maki7.blog.so-net.ne.jp";"tmaki7";0;""
3159;"http://dekaketatokiha.blog.so-net.ne.jp";"skekhtehuacso";0;""
3161;"http://difficult-wave.blog.so-net.ne.jp";"difficult-wave";0;""
3177;"http://wakenwalker.blog.so-net.ne.jp";"わけん";0;""
3184;"http://aoitori2013.blog.so-net.ne.jp";"aoitori";0;""
3186;"http://fuku1-3.blog.so-net.ne.jp";"白髭老人";0;""
3198;"http://hama-syuhu.blog.so-net.ne.jp";"ヤッペママ";0;""
3200;"http://zxc1115asd.blog.so-net.ne.jp";"beisi";0;""
3246;"http://bosbot.blog.so-net.ne.jp";"ポウ";0;""
3254;"http://rasenn.blog.so-net.ne.jp";"coco*";0;""
3258;"http://xn--ccka8b8i.blog.so-net.ne.jp";"ウィンLO";0;""
3268;"http://sakamono.blog.so-net.ne.jp";"sakamono";0;""
3296;"http://gillie8000.blog.so-net.ne.jp";"ジル";0;""
3317;"http://mr-blackout.blog.so-net.ne.jp";"Mｒブラックアウト";0;""
3339;"http://404-island.blog.so-net.ne.jp";"404";0;""
3362;"http://naonao-haru1105.blog.so-net.ne.jp";"naonao";0;""
3367;"http://osarusan-2.blog.so-net.ne.jp";"knacke";0;""
3372;"http://nl3inatimy.blog.so-net.ne.jp";"Inatimy";0;""
3373;"http://ab7885.blog.so-net.ne.jp";"ウッドペッカー";0;"　"
3374;"http://shinyamamotojp.blog.so-net.ne.jp";"SHIN";0;""
3377;"http://babymatta.blog.so-net.ne.jp";"kitakata";0;""
3380;"http://xperia-with-my-life.blog.so-net.ne.jp";"galaxy_express999";0;""
3383;"http://underjollyrojer.blog.so-net.ne.jp";"mata_asita";0;""
3384;"http://lemming.blog.so-net.ne.jp";"lemming";0;""
3385;"http://shinkocreate.blog.so-net.ne.jp";"shinko.create";0;""
3386;"http://wakuwakuijyu.blog.so-net.ne.jp";"dai-h";0;""
3388;"http://kayo0130.blog.so-net.ne.jp";"kayo0130";0;""
3398;"http://hotnet.blog.so-net.ne.jp";"いとまん";0;""
3414;"http://cotono-memo.blog.so-net.ne.jp";"cotono";0;""
3419;"http://spice-man.blog.so-net.ne.jp";"スパイスマン";0;""
3420;"http://el-guitarschool.blog.so-net.ne.jp";"エル　ギタースクール";0;""
3421;"http://tanoshiku-gohan.blog.so-net.ne.jp";"motomoto";0;""
3424;"http://ttrm.blog.so-net.ne.jp";"ｔｒｍ";0;""
3426;"http://mumin.blog.so-net.ne.jp";"ムーミンパパ";0;""
3428;"http://mesiume.blog.so-net.ne.jp";"めしがうまい";0;""
3435;"http://maharun.blog.so-net.ne.jp";"haru-ru";0;""
3440;"http://biyouite.blog.so-net.ne.jp";"かみ";0;""
3441;"http://takatotigers-gogo.blog.so-net.ne.jp";"タカト53";0;""
3442;"http://anythingtalk.blog.so-net.ne.jp";"slowlife";0;""
3447;"http://geinou-sports-news12.blog.so-net.ne.jp";"love-peace";0;""
3448;"http://kenkounaseikatsu.blog.so-net.ne.jp";"たあさん";0;""
3449;"http://lime-diary.blog.so-net.ne.jp";"マンチカン72☆";0;""
3450;"http://saia-saia.blog.so-net.ne.jp";"saia";0;""
3457;"http://doppy.blog.so-net.ne.jp";"yukarin";0;""
3459;"http://brownpapa.blog.so-net.ne.jp";"U3";0;""
3464;"http://pota50go-2.blog.so-net.ne.jp";"charingo";0;""
3467;"http://foreigner.blog.so-net.ne.jp";"Ujiki.oO";0;""
3469;"http://daylightbirthday.blog.so-net.ne.jp";"daylight";0;""
3471;"http://nagatomo-1984.blog.so-net.ne.jp";"長友";0;""
3473;"http://seira-ootori.blog.so-net.ne.jp";"bee-15";0;""
3474;"http://niki310.blog.so-net.ne.jp";"niki";0;""
3475;"http://az-note.blog.so-net.ne.jp";"あずらいと";0;""
3479;"http://nigarimi.blog.so-net.ne.jp";"にがり美";0;""
3483;"http://kyounomonogatari.blog.so-net.ne.jp";"sweetcandy";2;""
3484;"http://masao-no-news.blog.so-net.ne.jp";"まさお";2;""
3485;"http://i-am-daigo.blog.so-net.ne.jp";"stove";0;""
3488;"http://sephiroth7.blog.so-net.ne.jp";"sephiroth";0;""
3490;"http://versatile.blog.so-net.ne.jp";"やっしー";0;""
3492;"http://aozora-garage.blog.so-net.ne.jp";"asuka";0;""
3493;"http://50ikiiki.blog.so-net.ne.jp";"いっきまーす！";0;""
3494;"http://naorin2-0427.blog.so-net.ne.jp";"naonao";0;""
3497;"http://takarazukalife611.blog.so-net.ne.jp";"makorin";0;""
3498;"http://sea-diary.blog.so-net.ne.jp";"くるりんちょ";0;""
3499;"http://mainichikotukotu.blog.so-net.ne.jp";"jin";0;""
3500;"http://yasujikawasemi.blog.so-net.ne.jp";"kawasemi";0;""
3502;"http://trendsports123.blog.so-net.ne.jp";"azu-ri";0;""
3503;"http://heiannityoumevet.blog.so-net.ne.jp";"dumbo";0;""
3505;"http://aitherr0317.blog.so-net.ne.jp";"s-takuya";0;""
3509;"http://loungenote.blog.so-net.ne.jp";"まっつん";0;""
3513;"http://eri20150101.blog.so-net.ne.jp";"えり";0;""
3515;"http://shuchanganbare.blog.so-net.ne.jp";"しゅうちゃん";0;""
3517;"http://corgi-yama-niwa.blog.so-net.ne.jp";"フロリダマナティー";0;""
3520;"http://netabare-oremono.blog.so-net.ne.jp";"nayutan";0;""
3522;"http://fantaro.blog.so-net.ne.jp";"ふぁんた";0;""
3528;"http://anoyo-no-uta.blog.so-net.ne.jp";"井上さき";0;""
3530;"http://yonesan.blog.so-net.ne.jp";"ジジコッす";0;""
3535;"http://k-hatsumou.blog.so-net.ne.jp";"PCユース";0;""
3536;"http://hokt100.blog.so-net.ne.jp";"のんおいる";0;""
3539;"http://chibishibamomo.blog.so-net.ne.jp";"ももきち";0;""
3545;"http://youzi.blog.so-net.ne.jp";"youzi";0;""
3548;"http://nori3.blog.so-net.ne.jp";"のり";0;""
3553;"http://lifehacker2014.blog.so-net.ne.jp";"森のノーム";0;""
3557;"http://photo-myaa.blog.so-net.ne.jp";"みゃあ";0;""
3569;"http://kumaguremakkun.blog.so-net.ne.jp";"makkun";0;""
3574;"http://kininarura.blog.so-net.ne.jp";"はぎの";2;""
3578;"http://oink65.blog.so-net.ne.jp";"oink!";0;""
3581;"http://pinnkiri.blog.so-net.ne.jp";"pinnkiri";0;""
3585;"http://comic-kurukuru.blog.so-net.ne.jp";"koume3584";0;""
3587;"http://comic-day-by-day.blog.so-net.ne.jp";"コミックン";0;""
3590;"http://torinomanabiya.blog.so-net.ne.jp";"トリ";0;""
3592;"http://fukurokenbunroku.blog.so-net.ne.jp";"福郎";0;""
3598;"http://mymtks.blog.so-net.ne.jp";"まゆここし";2;""
3600;"http://choco-cinnamon.blog.so-net.ne.jp";"チョコシナモン";0;""
3603;"http://trending-now-so-net.blog.so-net.ne.jp";"trending-now";0;""
3607;"http://mwainfo.blog.so-net.ne.jp";"mwainfo";0;""
3608;"http://kt-hane2010.blog.so-net.ne.jp";"yuzuhane";0;""
3609;"http://sternrudder.blog.so-net.ne.jp";"ちくわ";0;""
3610;"http://ringo-yoiko.blog.so-net.ne.jp";"りんご";0;""
3613;"http://gu-kuhn.blog.so-net.ne.jp";"finfin";0;""
3616;"http://comomomomo.blog.so-net.ne.jp";"comomon";0;""
3618;"http://dailykaminews100.blog.so-net.ne.jp";"kaminews100";0;""
3621;"http://antoine.blog.so-net.ne.jp";"mayu";0;""
3624;"http://ossan-hitori-tabi.blog.so-net.ne.jp";"johncomeback";0;""
3625;"http://shufu-kininaru-tv.blog.so-net.ne.jp";"machacha";0;""
3626;"http://freestyle-syo.blog.so-net.ne.jp";"freestyle翔";0;""
3627;"http://mz-miata-2.blog.so-net.ne.jp";"miata";0;""
3629;"http://try-toeic.blog.so-net.ne.jp";"newsbox";0;""
3634;"http://cafemn2010.blog.so-net.ne.jp";"＊ピカチュウ＊";0;""
3640;"http://fxdb-lucky-ruguchi2.blog.so-net.ne.jp";"るぐっちぃ";0;""
3643;"http://oreno-news-1213.blog.so-net.ne.jp";"トレンダー櫻井";0;""
3650;"http://justintonation.blog.so-net.ne.jp";"koten";0;""
3657;"http://telephone-soudan.blog.so-net.ne.jp";"tai-zou";2;""
3660;"http://winonaomoshironikki.blog.so-net.ne.jp";"winona-0725";0;""
3661;"http://mercariguide.blog.so-net.ne.jp";"ポテト";0;""
3665;"http://tweet-2.blog.so-net.ne.jp";"tweet_2";0;""
3668;"http://catpan.blog.so-net.ne.jp";"catpan";0;""
3676;"http://denkitomeraremasita.blog.so-net.ne.jp";"電気男";0;""
3678;"http://akihiro-s.blog.so-net.ne.jp";"akihiro-s";0;""
3680;"http://barbie-kyoto.blog.so-net.ne.jp";"barbie";0;""
3682;"http://g-life.blog.so-net.ne.jp";"g-life";2;""
3685;"http://kuroneko-tana.blog.so-net.ne.jp";"mitsuya";0;""
3693;"http://makoto2983.blog.so-net.ne.jp";"Ctuまこと";0;""
3694;"http://hatotonyanko.blog.so-net.ne.jp";"ちゅんちゅんちゅん";0;""
3698;"http://under-picture.blog.so-net.ne.jp";"コーヒーカップ";0;""
3699;"http://geinou-news-s.blog.so-net.ne.jp";"naru.44";2;""
3704;"http://k-beluga.blog.so-net.ne.jp";"beluga";0;""
3705;"http://jefsoccer.blog.so-net.ne.jp";"nuruinu";0;""
3708;"http://kaiouken2bai.blog.so-net.ne.jp";"gacha-gacha";0;""
3724;"http://jirosaburo.blog.so-net.ne.jp";"二郎三郎";0;""
3726;"http://andy-renny.blog.so-net.ne.jp";"あんれに";0;""
3727;"http://coochan-hai.blog.so-net.ne.jp";"raomelon";2;""
3729;"http://sasoenta.blog.so-net.ne.jp";"げいなう";2;""
3745;"http://fruits-sisters.blog.so-net.ne.jp";"Rinko";0;""
3750;"http://poo-2002.blog.so-net.ne.jp";"プー太の父";0;""
3782;"http://sta-log.blog.so-net.ne.jp";"みかん";0;""
3834;"http://misonousupo.blog.so-net.ne.jp";"トモとも";0;""
3843;"http://kazeno-ribbon.blog.so-net.ne.jp";"風のリボン";0;""
3849;"http://goma514.blog.so-net.ne.jp";"goma";0;""
3855;"http://yukkodq10mattarilife.blog.so-net.ne.jp";"ゆっこ";0;""
3856;"http://pfmazurka.blog.so-net.ne.jp";"Halumi";0;""
3858;"http://hyaku-nikki.blog.so-net.ne.jp";"tsumi";0;""
3866;"http://sousounissi-uesugi.blog.so-net.ne.jp";"nikopon";0;""
3872;"http://with-ojyou-saayan.blog.so-net.ne.jp";"りみこ";0;""
3875;"http://takashiono.blog.so-net.ne.jp";"taka-ono";0;""
3883;"http://bluesky-green.blog.so-net.ne.jp";"畑の帽子";0;""
3885;"http://y-poco-1400.blog.so-net.ne.jp";"ゆぽ";0;""
3890;"http://buji.blog.so-net.ne.jp";"Buji";0;""
3892;"http://suede.blog.so-net.ne.jp";"akinori";0;""
3903;"http://reiti.blog.so-net.ne.jp";"レイチ";0;""
3905;"http://mini-hiro-since2012.blog.so-net.ne.jp";"mini-hiro";0;""
3908;"http://h-m-d.blog.so-net.ne.jp";"hm";0;""
3911;"http://lan-colorful-life.blog.so-net.ne.jp";"ラン";0;""
3912;"http://poponpa.blog.so-net.ne.jp";"雪渦";0;""
3928;"http://daw-dtm-plugin-music.blog.so-net.ne.jp";"corori";0;""
3929;"http://mar-tierra.blog.so-net.ne.jp";"miffy";0;""
3937;"http://jj9network.blog.so-net.ne.jp";"Zen";0;""
3939;"http://gouzyu-t.blog.so-net.ne.jp";"拳客";0;""
3940;"http://happy-life-with-shu.blog.so-net.ne.jp";"うっちゃん";0;""
3949;"http://i-berry.blog.so-net.ne.jp";"berry";0;""
3962;"http://engimono708.blog.so-net.ne.jp";"Ｂｏｏ（ブゥ）";0;""
3966;"http://shizuko1125.blog.so-net.ne.jp";"きんれん花";0;""
3975;"http://michi-mimimi.blog.so-net.ne.jp";"みち";0;""
3978;"http://nao-to-shin.blog.so-net.ne.jp";"naotoshin";0;""
3985;"http://kasasagihut.blog.so-net.ne.jp";"かささぎ";0;""
3989;"http://researchfellow.blog.so-net.ne.jp";"鶴は千年";0;""
3991;"http://gab-35890.blog.so-net.ne.jp";"関ちゃんねる";0;""
3992;"http://neko-asaka.blog.so-net.ne.jp";"asaka";0;""
3998;"http://dakekanba.blog.so-net.ne.jp";"エイ";0;""
4005;"http://neoma-ko0mattari0fx.blog.so-net.ne.jp";"まあこ";0;""
4006;"http://skybluenow.blog.so-net.ne.jp";"Toshi";0;""
4016;"http://mooi-belgie.blog.so-net.ne.jp";"gon";0;""
4018;"http://yakiniku-tsuru.blog.so-net.ne.jp";"tsuru";0;""
4024;"http://kame-zou3.blog.so-net.ne.jp";"かめぞう";0;""
4026;"http://algonquins.blog.so-net.ne.jp";"algonquins";0;""
4030;"http://soranekobik.blog.so-net.ne.jp";"soraneko";0;""
4043;"http://novo2.blog.so-net.ne.jp";"novo";0;""
4049;"http://timor.blog.so-net.ne.jp";"Mosel";0;""
4053;"http://beatshome.blog.so-net.ne.jp";"Ted";0;""
4060;"http://towllf.blog.so-net.ne.jp";"肉球";0;""
4081;"http://eleven-dimensions.blog.so-net.ne.jp";"ション";0;""
4085;"http://hiro3poyo.blog.so-net.ne.jp";"Hiro";0;""
4091;"http://masakazoo.blog.so-net.ne.jp";"masakazoo";0;""
4096;"http://shibai.blog.so-net.ne.jp";"しばい";0;""
4097;"http://wajifudou.blog.so-net.ne.jp";"wajifudou0123";0;""
4099;"http://furomu.blog.so-net.ne.jp";"扶侶夢";0;""
4104;"http://kossori-at-cafe.blog.so-net.ne.jp";"はづき";0;""
4105;"http://monogusa-simple-life.blog.so-net.ne.jp";"曽良まめ";0;""
4107;"http://miyo3.blog.so-net.ne.jp";"miyomiyo";0;""
4112;"http://osanpo-time.blog.so-net.ne.jp";"sara-papa";0;""
4122;"http://elenoar2015.blog.so-net.ne.jp";"sisimaru33";0;""
4123;"http://coomar.blog.so-net.ne.jp";"kontenten";0;""
4124;"http://yoko-tada1946.blog.so-net.ne.jp";"たーちゃん";0;""
4128;"http://kotori-no-su.blog.so-net.ne.jp";"miyazaki";0;""
4133;"http://arail206.blog.so-net.ne.jp";"arail206";0;""
4138;"http://bicycle-diet.blog.so-net.ne.jp";"大型中年";0;""
4145;"http://volleyballmatsupapa.blog.so-net.ne.jp";"まつパパ";0;""
4162;"http://kana-nana.blog.so-net.ne.jp";"kana";0;""
4163;"http://kogela123.blog.so-net.ne.jp";"クロベエ";0;""
4167;"http://cheap-chic.blog.so-net.ne.jp";"れお";0;""
4168;"http://habeypapa-rchobby.blog.so-net.ne.jp";"habyパパ";0;""
4186;"http://tre-graffitis.blog.so-net.ne.jp";"orio0711";0;""
4187;"http://your-mom.blog.so-net.ne.jp";"YOUR-MOM";0;""
4195;"http://subaru-ddon.blog.so-net.ne.jp";"ジークフリート";0;""
4197;"http://sony-ashikaga.blog.so-net.ne.jp";"しのざき";0;""
4213;"http://ichidohayarihe-ojj.blog.so-net.ne.jp";"ＯＪＪ";0;""
4227;"http://ramen-in-yamaguchi.blog.so-net.ne.jp";"ソニーファン";0;""
4235;"http://date-hakodate.blog.so-net.ne.jp";"茶の間";0;""
4275;"http://photo-images.blog.so-net.ne.jp";"Beronica";0;""
4289;"http://norikosy.blog.so-net.ne.jp";"のりこし";0;""
4316;"http://pochimamanikki-2.blog.so-net.ne.jp";"pochikun";0;""
4333;"http://data.blog.so-net.ne.jp";"KOME";0;""
4343;"http://gomokuturi2.blog.so-net.ne.jp";"kou";0;""
4367;"http://tosaibunko.blog.so-net.ne.jp";"rico";0;""
4392;"http://build-a-snowman.blog.so-net.ne.jp";"yoshi83";0;""
4431;"http://kuwa-exiga.blog.so-net.ne.jp";"kuwa";0;""
4442;"http://voice-from-heaven.blog.so-net.ne.jp";"rosemary";0;""
4455;"http://sevensea-south.blog.so-net.ne.jp";"sevensea-south";0;""
4510;"http://bluebird-legrand.blog.so-net.ne.jp";"こん";0;""
4518;"http://largekzoh.blog.so-net.ne.jp";"LargeKzOh";0;""
4523;"http://ichimen.blog.so-net.ne.jp";"ナツパパ";0;""
4566;"http://ginsan-kansai.blog.so-net.ne.jp";"Kansai-gin";0;""
